Workbook

Sheet Operations Data
A1: Operation ID | B1: Reference ID | C1: Facility | D1: Department | E1: Process Type | F1: Item Category | G1: Quantity | H1: Status | I1: Request Date | J1: Completion Date | L1: Operation ID sequence validation | M1: Status/Completion Date validation | N1: Reference ID Check | O1: Facility Check | P1: Department Check | Q1: Process Type Check | R1: Item Category Check | S1: Overall Validation
A2: OP001 | B2: REF001 | C2: Kolkata | D2: Operations | E2: Inventory Review | F2: Raw Materials | G2: 120 | H2: Completed | I2: 46027 | J2: 46028 | L2: =IF(A2="OP"&TEXT(ROW()-1,"000"),"OK","CHECK") -> OK | M2: =IF(OR(AND(H2="Completed",J2<>""),AND(OR(H2="Pending",H2="In Progress"),J2="")),"OK","CHECK") -> OK | N2: =IFERROR(IF(VLOOKUP(B2,'Reference Data'!$A$2:$F$26,1,FALSE)=B2,"OK","CHECK"),"MISSING") -> OK | O2: =IFERROR(IF(C2=VLOOKUP(B2,'Reference Data'!$A$2:$F$26,2,FALSE),"OK","CHECK"),"MISSING") -> OK | P2: =IFERROR(IF(D2=VLOOKUP(B2,'Reference Data'!$A$2:$F$26,3,FALSE),"OK","CHECK"),"MISSING") -> OK | Q2: =IFERROR(IF(E2=VLOOKUP(B2,'Reference Data'!$A$2:$F$26,4,FALSE),"OK","CHECK"),"MISSING") -> OK | R2: =IFERROR(IF(F2=VLOOKUP(B2,'Reference Data'!$A$2:$F$26,5,FALSE),"OK","CHECK"),"MISSING") -> OK | S2: =IF(AND(L2="OK",M2="OK",N2="OK",O2="OK",P2="OK",Q2="OK",R2="OK"),"OK","REVIEW") -> OK
A3: OP002 | B3: REF002 | C3: Kolkata | D3: Quality | E3: Quality Inspection | F3: Finished Goods | G3: 85 | H3: Completed | I3: 46030 | J3: 46031 | L3: =IF(A3="OP"&TEXT(ROW()-1,"000"),"OK","CHECK") -> OK | M3: =IF(OR(AND(H3="Completed",J3<>""),AND(OR(H3="Pending",H3="In Progress"),J3="")),"OK","CHECK") -> OK | N3: =IFERROR(IF(VLOOKUP(B3,'Reference Data'!$A$2:$F$26,1,FALSE)=B3,"OK","CHECK"),"MISSING") -> OK | O3: =IFERROR(IF(C3=VLOOKUP(B3,'Reference Data'!$A$2:$F$26,2,FALSE),"OK","CHECK"),"MISSING") -> OK | P3: =IFERROR(IF(D3=VLOOKUP(B3,'Reference Data'!$A$2:$F$26,3,FALSE),"OK","CHECK"),"MISSING") -> OK | Q3: =IFERROR(IF(E3=VLOOKUP(B3,'Reference Data'!$A$2:$F$26,4,FALSE),"OK","CHECK"),"MISSING") -> OK | R3: =IFERROR(IF(F3=VLOOKUP(B3,'Reference Data'!$A$2:$F$26,5,FALSE),"OK","CHECK"),"MISSING") -> OK | S3: =IF(AND(L3="OK",M3="OK",N3="OK",O3="OK",P3="OK",Q3="OK",R3="OK"),"OK","REVIEW") -> OK
A4: OP003 | B4: REF003 | C4: Mumbai | D4: Operations | E4: Inventory Review | F4: Packaging Materials | G4: 200 | H4: Completed | I4: 46032 | J4: 46034 | L4: =IF(A4="OP"&TEXT(ROW()-1,"000"),"OK","CHECK") -> OK | M4: =IF(OR(AND(H4="Completed",J4<>""),AND(OR(H4="Pending",H4="In Progress"),J4="")),"OK","CHECK") -> OK | N4: =IFERROR(IF(VLOOKUP(B4,'Reference Data'!$A$2:$F$26,1,FALSE)=B4,"OK","CHECK"),"MISSING") -> OK | O4: =IFERROR(IF(C4=VLOOKUP(B4,'Reference Data'!$A$2:$F$26,2,FALSE),"OK","CHECK"),"MISSING") -> OK | P4: =IFERROR(IF(D4=VLOOKUP(B4,'Reference Data'!$A$2:$F$26,3,FALSE),"OK","CHECK"),"MISSING") -> OK | Q4: =IFERROR(IF(E4=VLOOKUP(B4,'Reference Data'!$A$2:$F$26,4,FALSE),"OK","CHECK"),"MISSING") -> OK | R4: =IFERROR(IF(F4=VLOOKUP(B4,'Reference Data'!$A$2:$F$26,5,FALSE),"OK","CHECK"),"MISSING") -> OK | S4: =IF(AND(L4="OK",M4="OK",N4="OK",O4="OK",P4="OK",Q4="OK",R4="OK"),"OK","REVIEW") -> OK
A5: OP004 | B5: REF004 | C5: Mumbai | D5: Supply Chain | E5: Material Request | F5: Raw Materials | G5: 150 | H5: Completed | I5: 46035 | J5: 46036 | L5: =IF(A5="OP"&TEXT(ROW()-1,"000"),"OK","CHECK") -> OK | M5: =IF(OR(AND(H5="Completed",J5<>""),AND(OR(H5="Pending",H5="In Progress"),J5="")),"OK","CHECK") -> OK | N5: =IFERROR(IF(VLOOKUP(B5,'Reference Data'!$A$2:$F$26,1,FALSE)=B5,"OK","CHECK"),"MISSING") -> OK | O5: =IFERROR(IF(C5=VLOOKUP(B5,'Reference Data'!$A$2:$F$26,2,FALSE),"OK","CHECK"),"MISSING") -> OK | P5: =IFERROR(IF(D5=VLOOKUP(B5,'Reference Data'!$A$2:$F$26,3,FALSE),"OK","CHECK"),"MISSING") -> OK | Q5: =IFERROR(IF(E5=VLOOKUP(B5,'Reference Data'!$A$2:$F$26,4,FALSE),"OK","CHECK"),"MISSING") -> OK | R5: =IFERROR(IF(F5=VLOOKUP(B5,'Reference Data'!$A$2:$F$26,5,FALSE),"OK","CHECK"),"MISSING") -> OK | S5: =IF(AND(L5="OK",M5="OK",N5="OK",O5="OK",P5="OK",Q5="OK",R5="OK"),"OK","REVIEW") -> OK
A6: OP005 | B6: REF005 | C6: Pune | D6: Operations | E6: Shipment Processing | F6: Finished Goods | G6: 75 | H6: Completed | I6: 46037 | J6: 46038 | L6: =IF(A6="OP"&TEXT(ROW()-1,"000"),"OK","CHECK") -> OK | M6: =IF(OR(AND(H6="Completed",J6<>""),AND(OR(H6="Pending",H6="In Progress"),J6="")),"OK","CHECK") -> OK | N6: =IFERROR(IF(VLOOKUP(B6,'Reference Data'!$A$2:$F$26,1,FALSE)=B6,"OK","CHECK"),"MISSING") -> OK | O6: =IFERROR(IF(C6=VLOOKUP(B6,'Reference Data'!$A$2:$F$26,2,FALSE),"OK","CHECK"),"MISSING") -> OK | P6: =IFERROR(IF(D6=VLOOKUP(B6,'Reference Data'!$A$2:$F$26,3,FALSE),"OK","CHECK"),"MISSING") -> OK | Q6: =IFERROR(IF(E6=VLOOKUP(B6,'Reference Data'!$A$2:$F$26,4,FALSE),"OK","CHECK"),"MISSING") -> OK | R6: =IFERROR(IF(F6=VLOOKUP(B6,'Reference Data'!$A$2:$F$26,5,FALSE),"OK","CHECK"),"MISSING") -> OK | S6: =IF(AND(L6="OK",M6="OK",N6="OK",O6="OK",P6="OK",Q6="OK",R6="OK"),"OK","REVIEW") -> OK
A7: OP006 | B7: REF006 | C7: Pune | D7: Quality | E7: Quality Inspection | F7: Components | G7: 90 | H7: In Progress | I7: 46040 | L7: =IF(A7="OP"&TEXT(ROW()-1,"000"),"OK","CHECK") -> OK | M7: =IF(OR(AND(H7="Completed",J7<>""),AND(OR(H7="Pending",H7="In Progress"),J7="")),"OK","CHECK") -> OK | N7: =IFERROR(IF(VLOOKUP(B7,'Reference Data'!$A$2:$F$26,1,FALSE)=B7,"OK","CHECK"),"MISSING") -> OK | O7: =IFERROR(IF(C7=VLOOKUP(B7,'Reference Data'!$A$2:$F$26,2,FALSE),"OK","CHECK"),"MISSING") -> OK | P7: =IFERROR(IF(D7=VLOOKUP(B7,'Reference Data'!$A$2:$F$26,3,FALSE),"OK","CHECK"),"MISSING") -> OK | Q7: =IFERROR(IF(E7=VLOOKUP(B7,'Reference Data'!$A$2:$F$26,4,FALSE),"OK","CHECK"),"MISSING") -> OK | R7: =IFERROR(IF(F7=VLOOKUP(B7,'Reference Data'!$A$2:$F$26,5,FALSE),"OK","CHECK"),"MISSING") -> OK | S7: =IF(AND(L7="OK",M7="OK",N7="OK",O7="OK",P7="OK",Q7="OK",R7="OK"),"OK","REVIEW") -> OK
A8: OP007 | B8: REF007 | C8: Bengaluru | D8: Operations | E8: Equipment Inspection | F8: Equipment | G8: 12 | H8: Completed | I8: 46042 | J8: 46043 | L8: =IF(A8="OP"&TEXT(ROW()-1,"000"),"OK","CHECK") -> OK | M8: =IF(OR(AND(H8="Completed",J8<>""),AND(OR(H8="Pending",H8="In Progress"),J8="")),"OK","CHECK") -> OK | N8: =IFERROR(IF(VLOOKUP(B8,'Reference Data'!$A$2:$F$26,1,FALSE)=B8,"OK","CHECK"),"MISSING") -> OK | O8: =IFERROR(IF(C8=VLOOKUP(B8,'Reference Data'!$A$2:$F$26,2,FALSE),"OK","CHECK"),"MISSING") -> OK | P8: =IFERROR(IF(D8=VLOOKUP(B8,'Reference Data'!$A$2:$F$26,3,FALSE),"OK","CHECK"),"MISSING") -> OK | Q8: =IFERROR(IF(E8=VLOOKUP(B8,'Reference Data'!$A$2:$F$26,4,FALSE),"OK","CHECK"),"MISSING") -> OK | R8: =IFERROR(IF(F8=VLOOKUP(B8,'Reference Data'!$A$2:$F$26,5,FALSE),"OK","CHECK"),"MISSING") -> OK | S8: =IF(AND(L8="OK",M8="OK",N8="OK",O8="OK",P8="OK",Q8="OK",R8="OK"),"OK","REVIEW") -> OK
A9: OP008 | B9: REF008 | C9: Bengaluru | D9: Maintenance | E9: Equipment Inspection | F9: Equipment | G9: 8 | H9: Completed | I9: 46045 | J9: 46046 | L9: =IF(A9="OP"&TEXT(ROW()-1,"000"),"OK","CHECK") -> OK | M9: =IF(OR(AND(H9="Completed",J9<>""),AND(OR(H9="Pending",H9="In Progress"),J9="")),"OK","CHECK") -> OK | N9: =IFERROR(IF(VLOOKUP(B9,'Reference Data'!$A$2:$F$26,1,FALSE)=B9,"OK","CHECK"),"MISSING") -> OK | O9: =IFERROR(IF(C9=VLOOKUP(B9,'Reference Data'!$A$2:$F$26,2,FALSE),"OK","CHECK"),"MISSING") -> OK | P9: =IFERROR(IF(D9=VLOOKUP(B9,'Reference Data'!$A$2:$F$26,3,FALSE),"OK","CHECK"),"MISSING") -> OK | Q9: =IFERROR(IF(E9=VLOOKUP(B9,'Reference Data'!$A$2:$F$26,4,FALSE),"OK","CHECK"),"MISSING") -> OK | R9: =IFERROR(IF(F9=VLOOKUP(B9,'Reference Data'!$A$2:$F$26,5,FALSE),"OK","CHECK"),"MISSING") -> OK | S9: =IF(AND(L9="OK",M9="OK",N9="OK",O9="OK",P9="OK",Q9="OK",R9="OK"),"OK","REVIEW") -> OK
A10: OP009 | B10: REF009 | C10: Hyderabad | D10: Supply Chain | E10: Material Request | F10: Components | G10: 175 | H10: Completed | I10: 46048 | J10: 46050 | L10: =IF(A10="OP"&TEXT(ROW()-1,"000"),"OK","CHECK") -> OK | M10: =IF(OR(AND(H10="Completed",J10<>""),AND(OR(H10="Pending",H10="In Progress"),J10="")),"OK","CHECK") -> OK | N10: =IFERROR(IF(VLOOKUP(B10,'Reference Data'!$A$2:$F$26,1,FALSE)=B10,"OK","CHECK"),"MISSING") -> OK | O10: =IFERROR(IF(C10=VLOOKUP(B10,'Reference Data'!$A$2:$F$26,2,FALSE),"OK","CHECK"),"MISSING") -> OK | P10: =IFERROR(IF(D10=VLOOKUP(B10,'Reference Data'!$A$2:$F$26,3,FALSE),"OK","CHECK"),"MISSING") -> OK | Q10: =IFERROR(IF(E10=VLOOKUP(B10,'Reference Data'!$A$2:$F$26,4,FALSE),"OK","CHECK"),"MISSING") -> OK | R10: =IFERROR(IF(F10=VLOOKUP(B10,'Reference Data'!$A$2:$F$26,5,FALSE),"OK","CHECK"),"MISSING") -> OK | S10: =IF(AND(L10="OK",M10="OK",N10="OK",O10="OK",P10="OK",Q10="OK",R10="OK"),"OK","REVIEW") -> OK
A11: OP010 | B11: REF010 | C11: Hyderabad | D11: Operations | E11: Shipment Processing | F11: Packaging Materials | G11: 110 | H11: Completed | I11: 46050 | J11: 46051 | L11: =IF(A11="OP"&TEXT(ROW()-1,"000"),"OK","CHECK") -> OK | M11: =IF(OR(AND(H11="Completed",J11<>""),AND(OR(H11="Pending",H11="In Progress"),J11="")),"OK","CHECK") -> OK | N11: =IFERROR(IF(VLOOKUP(B11,'Reference Data'!$A$2:$F$26,1,FALSE)=B11,"OK","CHECK"),"MISSING") -> OK | O11: =IFERROR(IF(C11=VLOOKUP(B11,'Reference Data'!$A$2:$F$26,2,FALSE),"OK","CHECK"),"MISSING") -> OK | P11: =IFERROR(IF(D11=VLOOKUP(B11,'Reference Data'!$A$2:$F$26,3,FALSE),"OK","CHECK"),"MISSING") -> OK | Q11: =IFERROR(IF(E11=VLOOKUP(B11,'Reference Data'!$A$2:$F$26,4,FALSE),"OK","CHECK"),"MISSING") -> OK | R11: =IFERROR(IF(F11=VLOOKUP(B11,'Reference Data'!$A$2:$F$26,5,FALSE),"OK","CHECK"),"MISSING") -> OK | S11: =IF(AND(L11="OK",M11="OK",N11="OK",O11="OK",P11="OK",Q11="OK",R11="OK"),"OK","REVIEW") -> OK
A12: OP011 | B12: REF011 | C12: Chennai | D12: Quality | E12: Quality Inspection | F12: Raw Materials | G12: 95 | H12: Pending | I12: 46053 | L12: =IF(A12="OP"&TEXT(ROW()-1,"000"),"OK","CHECK") -> OK | M12: =IF(OR(AND(H12="Completed",J12<>""),AND(OR(H12="Pending",H12="In Progress"),J12="")),"OK","CHECK") -> OK | N12: =IFERROR(IF(VLOOKUP(B12,'Reference Data'!$A$2:$F$26,1,FALSE)=B12,"OK","CHECK"),"MISSING") -> OK | O12: =IFERROR(IF(C12=VLOOKUP(B12,'Reference Data'!$A$2:$F$26,2,FALSE),"OK","CHECK"),"MISSING") -> OK | P12: =IFERROR(IF(D12=VLOOKUP(B12,'Reference Data'!$A$2:$F$26,3,FALSE),"OK","CHECK"),"MISSING") -> OK | Q12: =IFERROR(IF(E12=VLOOKUP(B12,'Reference Data'!$A$2:$F$26,4,FALSE),"OK","CHECK"),"MISSING") -> OK | R12: =IFERROR(IF(F12=VLOOKUP(B12,'Reference Data'!$A$2:$F$26,5,FALSE),"OK","CHECK"),"MISSING") -> OK | S12: =IF(AND(L12="OK",M12="OK",N12="OK",O12="OK",P12="OK",Q12="OK",R12="OK"),"OK","REVIEW") -> OK
A13: OP012 | B13: REF012 | C13: Chennai | D13: Operations | E13: Inventory Review | F13: Components | G13: 130 | H13: Completed | I13: 46055 | J13: 46057 | L13: =IF(A13="OP"&TEXT(ROW()-1,"000"),"OK","CHECK") -> OK | M13: =IF(OR(AND(H13="Completed",J13<>""),AND(OR(H13="Pending",H13="In Progress"),J13="")),"OK","CHECK") -> OK | N13: =IFERROR(IF(VLOOKUP(B13,'Reference Data'!$A$2:$F$26,1,FALSE)=B13,"OK","CHECK"),"MISSING") -> OK | O13: =IFERROR(IF(C13=VLOOKUP(B13,'Reference Data'!$A$2:$F$26,2,FALSE),"OK","CHECK"),"MISSING") -> OK | P13: =IFERROR(IF(D13=VLOOKUP(B13,'Reference Data'!$A$2:$F$26,3,FALSE),"OK","CHECK"),"MISSING") -> OK | Q13: =IFERROR(IF(E13=VLOOKUP(B13,'Reference Data'!$A$2:$F$26,4,FALSE),"OK","CHECK"),"MISSING") -> OK | R13: =IFERROR(IF(F13=VLOOKUP(B13,'Reference Data'!$A$2:$F$26,5,FALSE),"OK","CHECK"),"MISSING") -> OK | S13: =IF(AND(L13="OK",M13="OK",N13="OK",O13="OK",P13="OK",Q13="OK",R13="OK"),"OK","REVIEW") -> OK
A14: OP013 | B14: REF013 | C14: Delhi | D14: Supply Chain | E14: Material Request | F14: Packaging Materials | G14: 160 | H14: Completed | I14: 46058 | J14: 46059 | L14: =IF(A14="OP"&TEXT(ROW()-1,"000"),"OK","CHECK") -> OK | M14: =IF(OR(AND(H14="Completed",J14<>""),AND(OR(H14="Pending",H14="In Progress"),J14="")),"OK","CHECK") -> OK | N14: =IFERROR(IF(VLOOKUP(B14,'Reference Data'!$A$2:$F$26,1,FALSE)=B14,"OK","CHECK"),"MISSING") -> OK | O14: =IFERROR(IF(C14=VLOOKUP(B14,'Reference Data'!$A$2:$F$26,2,FALSE),"OK","CHECK"),"MISSING") -> OK | P14: =IFERROR(IF(D14=VLOOKUP(B14,'Reference Data'!$A$2:$F$26,3,FALSE),"OK","CHECK"),"MISSING") -> OK | Q14: =IFERROR(IF(E14=VLOOKUP(B14,'Reference Data'!$A$2:$F$26,4,FALSE),"OK","CHECK"),"MISSING") -> OK | R14: =IFERROR(IF(F14=VLOOKUP(B14,'Reference Data'!$A$2:$F$26,5,FALSE),"OK","CHECK"),"MISSING") -> OK | S14: =IF(AND(L14="OK",M14="OK",N14="OK",O14="OK",P14="OK",Q14="OK",R14="OK"),"OK","REVIEW") -> OK
A15: OP014 | B15: REF014 | C15: Delhi | D15: Operations | E15: Shipment Processing | F15: Finished Goods | G15: 70 | H15: Completed | I15: 46061 | J15: 46062 | L15: =IF(A15="OP"&TEXT(ROW()-1,"000"),"OK","CHECK") -> OK | M15: =IF(OR(AND(H15="Completed",J15<>""),AND(OR(H15="Pending",H15="In Progress"),J15="")),"OK","CHECK") -> OK | N15: =IFERROR(IF(VLOOKUP(B15,'Reference Data'!$A$2:$F$26,1,FALSE)=B15,"OK","CHECK"),"MISSING") -> OK | O15: =IFERROR(IF(C15=VLOOKUP(B15,'Reference Data'!$A$2:$F$26,2,FALSE),"OK","CHECK"),"MISSING") -> OK | P15: =IFERROR(IF(D15=VLOOKUP(B15,'Reference Data'!$A$2:$F$26,3,FALSE),"OK","CHECK"),"MISSING") -> OK | Q15: =IFERROR(IF(E15=VLOOKUP(B15,'Reference Data'!$A$2:$F$26,4,FALSE),"OK","CHECK"),"MISSING") -> OK | R15: =IFERROR(IF(F15=VLOOKUP(B15,'Reference Data'!$A$2:$F$26,5,FALSE),"OK","CHECK"),"MISSING") -> OK | S15: =IF(AND(L15="OK",M15="OK",N15="OK",O15="OK",P15="OK",Q15="OK",R15="OK"),"OK","REVIEW") -> OK
A16: OP015 | B16: REF015 | C16: Kolkata | D16: Maintenance | E16: Equipment Inspection | F16: Equipment | G16: 10 | H16: Completed | I16: 46063 | J16: 46065 | L16: =IF(A16="OP"&TEXT(ROW()-1,"000"),"OK","CHECK") -> OK | M16: =IF(OR(AND(H16="Completed",J16<>""),AND(OR(H16="Pending",H16="In Progress"),J16="")),"OK","CHECK") -> OK | N16: =IFERROR(IF(VLOOKUP(B16,'Reference Data'!$A$2:$F$26,1,FALSE)=B16,"OK","CHECK"),"MISSING") -> OK | O16: =IFERROR(IF(C16=VLOOKUP(B16,'Reference Data'!$A$2:$F$26,2,FALSE),"OK","CHECK"),"MISSING") -> OK | P16: =IFERROR(IF(D16=VLOOKUP(B16,'Reference Data'!$A$2:$F$26,3,FALSE),"OK","CHECK"),"MISSING") -> OK | Q16: =IFERROR(IF(E16=VLOOKUP(B16,'Reference Data'!$A$2:$F$26,4,FALSE),"OK","CHECK"),"MISSING") -> OK | R16: =IFERROR(IF(F16=VLOOKUP(B16,'Reference Data'!$A$2:$F$26,5,FALSE),"OK","CHECK"),"MISSING") -> OK | S16: =IF(AND(L16="OK",M16="OK",N16="OK",O16="OK",P16="OK",Q16="OK",R16="OK"),"OK","REVIEW") -> OK
A17: OP016 | B17: REF016 | C17: Mumbai | D17: Quality | E17: Quality Inspection | F17: Finished Goods | G17: 100 | H17: Completed | I17: 46066 | J17: 46067 | L17: =IF(A17="OP"&TEXT(ROW()-1,"000"),"OK","CHECK") -> OK | M17: =IF(OR(AND(H17="Completed",J17<>""),AND(OR(H17="Pending",H17="In Progress"),J17="")),"OK","CHECK") -> OK | N17: =IFERROR(IF(VLOOKUP(B17,'Reference Data'!$A$2:$F$26,1,FALSE)=B17,"OK","CHECK"),"MISSING") -> OK | O17: =IFERROR(IF(C17=VLOOKUP(B17,'Reference Data'!$A$2:$F$26,2,FALSE),"OK","CHECK"),"MISSING") -> OK | P17: =IFERROR(IF(D17=VLOOKUP(B17,'Reference Data'!$A$2:$F$26,3,FALSE),"OK","CHECK"),"MISSING") -> OK | Q17: =IFERROR(IF(E17=VLOOKUP(B17,'Reference Data'!$A$2:$F$26,4,FALSE),"OK","CHECK"),"MISSING") -> OK | R17: =IFERROR(IF(F17=VLOOKUP(B17,'Reference Data'!$A$2:$F$26,5,FALSE),"OK","CHECK"),"MISSING") -> OK | S17: =IF(AND(L17="OK",M17="OK",N17="OK",O17="OK",P17="OK",Q17="OK",R17="OK"),"OK","REVIEW") -> OK
A18: OP017 | B18: REF017 | C18: Pune | D18: Supply Chain | E18: Material Request | F18: Raw Materials | G18: 145 | H18: Completed | I18: 46068 | J18: 46069 | L18: =IF(A18="OP"&TEXT(ROW()-1,"000"),"OK","CHECK") -> OK | M18: =IF(OR(AND(H18="Completed",J18<>""),AND(OR(H18="Pending",H18="In Progress"),J18="")),"OK","CHECK") -> OK | N18: =IFERROR(IF(VLOOKUP(B18,'Reference Data'!$A$2:$F$26,1,FALSE)=B18,"OK","CHECK"),"MISSING") -> OK | O18: =IFERROR(IF(C18=VLOOKUP(B18,'Reference Data'!$A$2:$F$26,2,FALSE),"OK","CHECK"),"MISSING") -> OK | P18: =IFERROR(IF(D18=VLOOKUP(B18,'Reference Data'!$A$2:$F$26,3,FALSE),"OK","CHECK"),"MISSING") -> OK | Q18: =IFERROR(IF(E18=VLOOKUP(B18,'Reference Data'!$A$2:$F$26,4,FALSE),"OK","CHECK"),"MISSING") -> OK | R18: =IFERROR(IF(F18=VLOOKUP(B18,'Reference Data'!$A$2:$F$26,5,FALSE),"OK","CHECK"),"MISSING") -> OK | S18: =IF(AND(L18="OK",M18="OK",N18="OK",O18="OK",P18="OK",Q18="OK",R18="OK"),"OK","REVIEW") -> OK
A19: OP018 | B19: REF018 | C19: Bengaluru | D19: Operations | E19: Inventory Review | F19: Components | G19: 115 | H19: In Progress | I19: 46071 | L19: =IF(A19="OP"&TEXT(ROW()-1,"000"),"OK","CHECK") -> OK | M19: =IF(OR(AND(H19="Completed",J19<>""),AND(OR(H19="Pending",H19="In Progress"),J19="")),"OK","CHECK") -> OK | N19: =IFERROR(IF(VLOOKUP(B19,'Reference Data'!$A$2:$F$26,1,FALSE)=B19,"OK","CHECK"),"MISSING") -> OK | O19: =IFERROR(IF(C19=VLOOKUP(B19,'Reference Data'!$A$2:$F$26,2,FALSE),"OK","CHECK"),"MISSING") -> OK | P19: =IFERROR(IF(D19=VLOOKUP(B19,'Reference Data'!$A$2:$F$26,3,FALSE),"OK","CHECK"),"MISSING") -> OK | Q19: =IFERROR(IF(E19=VLOOKUP(B19,'Reference Data'!$A$2:$F$26,4,FALSE),"OK","CHECK"),"MISSING") -> OK | R19: =IFERROR(IF(F19=VLOOKUP(B19,'Reference Data'!$A$2:$F$26,5,FALSE),"OK","CHECK"),"MISSING") -> OK | S19: =IF(AND(L19="OK",M19="OK",N19="OK",O19="OK",P19="OK",Q19="OK",R19="OK"),"OK","REVIEW") -> OK
A20: OP019 | B20: REF019 | C20: Hyderabad | D20: Quality | E20: Quality Inspection | F20: Packaging Materials | G20: 80 | H20: Completed | I20: 46073 | J20: 46074 | L20: =IF(A20="OP"&TEXT(ROW()-1,"000"),"OK","CHECK") -> OK | M20: =IF(OR(AND(H20="Completed",J20<>""),AND(OR(H20="Pending",H20="In Progress"),J20="")),"OK","CHECK") -> OK | N20: =IFERROR(IF(VLOOKUP(B20,'Reference Data'!$A$2:$F$26,1,FALSE)=B20,"OK","CHECK"),"MISSING") -> OK | O20: =IFERROR(IF(C20=VLOOKUP(B20,'Reference Data'!$A$2:$F$26,2,FALSE),"OK","CHECK"),"MISSING") -> OK | P20: =IFERROR(IF(D20=VLOOKUP(B20,'Reference Data'!$A$2:$F$26,3,FALSE),"OK","CHECK"),"MISSING") -> OK | Q20: =IFERROR(IF(E20=VLOOKUP(B20,'Reference Data'!$A$2:$F$26,4,FALSE),"OK","CHECK"),"MISSING") -> OK | R20: =IFERROR(IF(F20=VLOOKUP(B20,'Reference Data'!$A$2:$F$26,5,FALSE),"OK","CHECK"),"MISSING") -> OK | S20: =IF(AND(L20="OK",M20="OK",N20="OK",O20="OK",P20="OK",Q20="OK",R20="OK"),"OK","REVIEW") -> OK
A21: OP020 | B21: REF020 | C21: Chennai | D21: Supply Chain | E21: Material Request | F21: Finished Goods | G21: 125 | H21: Completed | I21: 46076 | J21: 46077 | L21: =IF(A21="OP"&TEXT(ROW()-1,"000"),"OK","CHECK") -> OK | M21: =IF(OR(AND(H21="Completed",J21<>""),AND(OR(H21="Pending",H21="In Progress"),J21="")),"OK","CHECK") -> OK | N21: =IFERROR(IF(VLOOKUP(B21,'Reference Data'!$A$2:$F$26,1,FALSE)=B21,"OK","CHECK"),"MISSING") -> OK | O21: =IFERROR(IF(C21=VLOOKUP(B21,'Reference Data'!$A$2:$F$26,2,FALSE),"OK","CHECK"),"MISSING") -> OK | P21: =IFERROR(IF(D21=VLOOKUP(B21,'Reference Data'!$A$2:$F$26,3,FALSE),"OK","CHECK"),"MISSING") -> OK | Q21: =IFERROR(IF(E21=VLOOKUP(B21,'Reference Data'!$A$2:$F$26,4,FALSE),"OK","CHECK"),"MISSING") -> OK | R21: =IFERROR(IF(F21=VLOOKUP(B21,'Reference Data'!$A$2:$F$26,5,FALSE),"OK","CHECK"),"MISSING") -> OK | S21: =IF(AND(L21="OK",M21="OK",N21="OK",O21="OK",P21="OK",Q21="OK",R21="OK"),"OK","REVIEW") -> OK
A22: OP021 | B22: REF021 | C22: Delhi | D22: Quality | E22: Quality Inspection | F22: Components | G22: 105 | H22: Completed | I22: 46079 | J22: 46081 | L22: =IF(A22="OP"&TEXT(ROW()-1,"000"),"OK","CHECK") -> OK | M22: =IF(OR(AND(H22="Completed",J22<>""),AND(OR(H22="Pending",H22="In Progress"),J22="")),"OK","CHECK") -> OK | N22: =IFERROR(IF(VLOOKUP(B22,'Reference Data'!$A$2:$F$26,1,FALSE)=B22,"OK","CHECK"),"MISSING") -> OK | O22: =IFERROR(IF(C22=VLOOKUP(B22,'Reference Data'!$A$2:$F$26,2,FALSE),"OK","CHECK"),"MISSING") -> OK | P22: =IFERROR(IF(D22=VLOOKUP(B22,'Reference Data'!$A$2:$F$26,3,FALSE),"OK","CHECK"),"MISSING") -> OK | Q22: =IFERROR(IF(E22=VLOOKUP(B22,'Reference Data'!$A$2:$F$26,4,FALSE),"OK","CHECK"),"MISSING") -> OK | R22: =IFERROR(IF(F22=VLOOKUP(B22,'Reference Data'!$A$2:$F$26,5,FALSE),"OK","CHECK"),"MISSING") -> OK | S22: =IF(AND(L22="OK",M22="OK",N22="OK",O22="OK",P22="OK",Q22="OK",R22="OK"),"OK","REVIEW") -> OK
A23: OP022 | B23: REF022 | C23: Kolkata | D23: Supply Chain | E23: Material Request | F23: Components | G23: 135 | H23: Completed | I23: 46081 | J23: 46082 | L23: =IF(A23="OP"&TEXT(ROW()-1,"000"),"OK","CHECK") -> OK | M23: =IF(OR(AND(H23="Completed",J23<>""),AND(OR(H23="Pending",H23="In Progress"),J23="")),"OK","CHECK") -> OK | N23: =IFERROR(IF(VLOOKUP(B23,'Reference Data'!$A$2:$F$26,1,FALSE)=B23,"OK","CHECK"),"MISSING") -> OK | O23: =IFERROR(IF(C23=VLOOKUP(B23,'Reference Data'!$A$2:$F$26,2,FALSE),"OK","CHECK"),"MISSING") -> OK | P23: =IFERROR(IF(D23=VLOOKUP(B23,'Reference Data'!$A$2:$F$26,3,FALSE),"OK","CHECK"),"MISSING") -> OK | Q23: =IFERROR(IF(E23=VLOOKUP(B23,'Reference Data'!$A$2:$F$26,4,FALSE),"OK","CHECK"),"MISSING") -> OK | R23: =IFERROR(IF(F23=VLOOKUP(B23,'Reference Data'!$A$2:$F$26,5,FALSE),"OK","CHECK"),"MISSING") -> OK | S23: =IF(AND(L23="OK",M23="OK",N23="OK",O23="OK",P23="OK",Q23="OK",R23="OK"),"OK","REVIEW") -> OK
A24: OP023 | B24: REF023 | C24: Mumbai | D24: Maintenance | E24: Equipment Inspection | F24: Equipment | G24: 9 | H24: Pending | I24: 46084 | L24: =IF(A24="OP"&TEXT(ROW()-1,"000"),"OK","CHECK") -> OK | M24: =IF(OR(AND(H24="Completed",J24<>""),AND(OR(H24="Pending",H24="In Progress"),J24="")),"OK","CHECK") -> OK | N24: =IFERROR(IF(VLOOKUP(B24,'Reference Data'!$A$2:$F$26,1,FALSE)=B24,"OK","CHECK"),"MISSING") -> OK | O24: =IFERROR(IF(C24=VLOOKUP(B24,'Reference Data'!$A$2:$F$26,2,FALSE),"OK","CHECK"),"MISSING") -> OK | P24: =IFERROR(IF(D24=VLOOKUP(B24,'Reference Data'!$A$2:$F$26,3,FALSE),"OK","CHECK"),"MISSING") -> OK | Q24: =IFERROR(IF(E24=VLOOKUP(B24,'Reference Data'!$A$2:$F$26,4,FALSE),"OK","CHECK"),"MISSING") -> OK | R24: =IFERROR(IF(F24=VLOOKUP(B24,'Reference Data'!$A$2:$F$26,5,FALSE),"OK","CHECK"),"MISSING") -> OK | S24: =IF(AND(L24="OK",M24="OK",N24="OK",O24="OK",P24="OK",Q24="OK",R24="OK"),"OK","REVIEW") -> OK
A25: OP024 | B25: REF024 | C25: Pune | D25: Operations | E25: Inventory Review | F25: Raw Materials | G25: 180 | H25: Completed | I25: 46086 | J25: 46088 | L25: =IF(A25="OP"&TEXT(ROW()-1,"000"),"OK","CHECK") -> OK | M25: =IF(OR(AND(H25="Completed",J25<>""),AND(OR(H25="Pending",H25="In Progress"),J25="")),"OK","CHECK") -> OK | N25: =IFERROR(IF(VLOOKUP(B25,'Reference Data'!$A$2:$F$26,1,FALSE)=B25,"OK","CHECK"),"MISSING") -> OK | O25: =IFERROR(IF(C25=VLOOKUP(B25,'Reference Data'!$A$2:$F$26,2,FALSE),"OK","CHECK"),"MISSING") -> OK | P25: =IFERROR(IF(D25=VLOOKUP(B25,'Reference Data'!$A$2:$F$26,3,FALSE),"OK","CHECK"),"MISSING") -> OK | Q25: =IFERROR(IF(E25=VLOOKUP(B25,'Reference Data'!$A$2:$F$26,4,FALSE),"OK","CHECK"),"MISSING") -> OK | R25: =IFERROR(IF(F25=VLOOKUP(B25,'Reference Data'!$A$2:$F$26,5,FALSE),"OK","CHECK"),"MISSING") -> OK | S25: =IF(AND(L25="OK",M25="OK",N25="OK",O25="OK",P25="OK",Q25="OK",R25="OK"),"OK","REVIEW") -> OK
A26: OP025 | B26: REF025 | C26: Bengaluru | D26: Quality | E26: Quality Inspection | F26: Finished Goods | G26: 88 | H26: Completed | I26: 46089 | J26: 46090 | L26: =IF(A26="OP"&TEXT(ROW()-1,"000"),"OK","CHECK") -> OK | M26: =IF(OR(AND(H26="Completed",J26<>""),AND(OR(H26="Pending",H26="In Progress"),J26="")),"OK","CHECK") -> OK | N26: =IFERROR(IF(VLOOKUP(B26,'Reference Data'!$A$2:$F$26,1,FALSE)=B26,"OK","CHECK"),"MISSING") -> OK | O26: =IFERROR(IF(C26=VLOOKUP(B26,'Reference Data'!$A$2:$F$26,2,FALSE),"OK","CHECK"),"MISSING") -> OK | P26: =IFERROR(IF(D26=VLOOKUP(B26,'Reference Data'!$A$2:$F$26,3,FALSE),"OK","CHECK"),"MISSING") -> OK | Q26: =IFERROR(IF(E26=VLOOKUP(B26,'Reference Data'!$A$2:$F$26,4,FALSE),"OK","CHECK"),"MISSING") -> OK | R26: =IFERROR(IF(F26=VLOOKUP(B26,'Reference Data'!$A$2:$F$26,5,FALSE),"OK","CHECK"),"MISSING") -> OK | S26: =IF(AND(L26="OK",M26="OK",N26="OK",O26="OK",P26="OK",Q26="OK",R26="OK"),"OK","REVIEW") -> OK
A27: OP026 | B27: REF001 | C27: Kolkata | D27: Operations | E27: Inventory Review | F27: Raw Materials | G27: 140 | H27: Completed | I27: 46092 | J27: 46093 | L27: =IF(A27="OP"&TEXT(ROW()-1,"000"),"OK","CHECK") -> OK | M27: =IF(OR(AND(H27="Completed",J27<>""),AND(OR(H27="Pending",H27="In Progress"),J27="")),"OK","CHECK") -> OK | N27: =IFERROR(IF(VLOOKUP(B27,'Reference Data'!$A$2:$F$26,1,FALSE)=B27,"OK","CHECK"),"MISSING") -> OK | O27: =IFERROR(IF(C27=VLOOKUP(B27,'Reference Data'!$A$2:$F$26,2,FALSE),"OK","CHECK"),"MISSING") -> OK | P27: =IFERROR(IF(D27=VLOOKUP(B27,'Reference Data'!$A$2:$F$26,3,FALSE),"OK","CHECK"),"MISSING") -> OK | Q27: =IFERROR(IF(E27=VLOOKUP(B27,'Reference Data'!$A$2:$F$26,4,FALSE),"OK","CHECK"),"MISSING") -> OK | R27: =IFERROR(IF(F27=VLOOKUP(B27,'Reference Data'!$A$2:$F$26,5,FALSE),"OK","CHECK"),"MISSING") -> OK | S27: =IF(AND(L27="OK",M27="OK",N27="OK",O27="OK",P27="OK",Q27="OK",R27="OK"),"OK","REVIEW") -> OK
A28: OP027 | B28: REF002 | C28: Kolkata | D28: Quality | E28: Quality Inspection | F28: Finished Goods | G28: 92 | H28: Completed | I28: 46094 | J28: 46096 | L28: =IF(A28="OP"&TEXT(ROW()-1,"000"),"OK","CHECK") -> OK | M28: =IF(OR(AND(H28="Completed",J28<>""),AND(OR(H28="Pending",H28="In Progress"),J28="")),"OK","CHECK") -> OK | N28: =IFERROR(IF(VLOOKUP(B28,'Reference Data'!$A$2:$F$26,1,FALSE)=B28,"OK","CHECK"),"MISSING") -> OK | O28: =IFERROR(IF(C28=VLOOKUP(B28,'Reference Data'!$A$2:$F$26,2,FALSE),"OK","CHECK"),"MISSING") -> OK | P28: =IFERROR(IF(D28=VLOOKUP(B28,'Reference Data'!$A$2:$F$26,3,FALSE),"OK","CHECK"),"MISSING") -> OK | Q28: =IFERROR(IF(E28=VLOOKUP(B28,'Reference Data'!$A$2:$F$26,4,FALSE),"OK","CHECK"),"MISSING") -> OK | R28: =IFERROR(IF(F28=VLOOKUP(B28,'Reference Data'!$A$2:$F$26,5,FALSE),"OK","CHECK"),"MISSING") -> OK | S28: =IF(AND(L28="OK",M28="OK",N28="OK",O28="OK",P28="OK",Q28="OK",R28="OK"),"OK","REVIEW") -> OK
A29: OP028 | B29: REF003 | C29: Mumbai | D29: Operations | E29: Inventory Review | F29: Packaging Materials | G29: 210 | H29: Completed | I29: 46097 | J29: 46098 | L29: =IF(A29="OP"&TEXT(ROW()-1,"000"),"OK","CHECK") -> OK | M29: =IF(OR(AND(H29="Completed",J29<>""),AND(OR(H29="Pending",H29="In Progress"),J29="")),"OK","CHECK") -> OK | N29: =IFERROR(IF(VLOOKUP(B29,'Reference Data'!$A$2:$F$26,1,FALSE)=B29,"OK","CHECK"),"MISSING") -> OK | O29: =IFERROR(IF(C29=VLOOKUP(B29,'Reference Data'!$A$2:$F$26,2,FALSE),"OK","CHECK"),"MISSING") -> OK | P29: =IFERROR(IF(D29=VLOOKUP(B29,'Reference Data'!$A$2:$F$26,3,FALSE),"OK","CHECK"),"MISSING") -> OK | Q29: =IFERROR(IF(E29=VLOOKUP(B29,'Reference Data'!$A$2:$F$26,4,FALSE),"OK","CHECK"),"MISSING") -> OK | R29: =IFERROR(IF(F29=VLOOKUP(B29,'Reference Data'!$A$2:$F$26,5,FALSE),"OK","CHECK"),"MISSING") -> OK | S29: =IF(AND(L29="OK",M29="OK",N29="OK",O29="OK",P29="OK",Q29="OK",R29="OK"),"OK","REVIEW") -> OK
A30: OP029 | B30: REF004 | C30: Mumbai | D30: Supply Chain | E30: Material Request | F30: Raw Materials | G30: 165 | H30: Pending | I30: 46099 | L30: =IF(A30="OP"&TEXT(ROW()-1,"000"),"OK","CHECK") -> OK | M30: =IF(OR(AND(H30="Completed",J30<>""),AND(OR(H30="Pending",H30="In Progress"),J30="")),"OK","CHECK") -> OK | N30: =IFERROR(IF(VLOOKUP(B30,'Reference Data'!$A$2:$F$26,1,FALSE)=B30,"OK","CHECK"),"MISSING") -> OK | O30: =IFERROR(IF(C30=VLOOKUP(B30,'Reference Data'!$A$2:$F$26,2,FALSE),"OK","CHECK"),"MISSING") -> OK | P30: =IFERROR(IF(D30=VLOOKUP(B30,'Reference Data'!$A$2:$F$26,3,FALSE),"OK","CHECK"),"MISSING") -> OK | Q30: =IFERROR(IF(E30=VLOOKUP(B30,'Reference Data'!$A$2:$F$26,4,FALSE),"OK","CHECK"),"MISSING") -> OK | R30: =IFERROR(IF(F30=VLOOKUP(B30,'Reference Data'!$A$2:$F$26,5,FALSE),"OK","CHECK"),"MISSING") -> OK | S30: =IF(AND(L30="OK",M30="OK",N30="OK",O30="OK",P30="OK",Q30="OK",R30="OK"),"OK","REVIEW") -> OK
A31: OP030 | B31: REF005 | C31: Pune | D31: Operations | E31: Shipment Processing | F31: Finished Goods | G31: 82 | H31: Completed | I31: 46102 | J31: 46104 | L31: =IF(A31="OP"&TEXT(ROW()-1,"000"),"OK","CHECK") -> OK | M31: =IF(OR(AND(H31="Completed",J31<>""),AND(OR(H31="Pending",H31="In Progress"),J31="")),"OK","CHECK") -> OK | N31: =IFERROR(IF(VLOOKUP(B31,'Reference Data'!$A$2:$F$26,1,FALSE)=B31,"OK","CHECK"),"MISSING") -> OK | O31: =IFERROR(IF(C31=VLOOKUP(B31,'Reference Data'!$A$2:$F$26,2,FALSE),"OK","CHECK"),"MISSING") -> OK | P31: =IFERROR(IF(D31=VLOOKUP(B31,'Reference Data'!$A$2:$F$26,3,FALSE),"OK","CHECK"),"MISSING") -> OK | Q31: =IFERROR(IF(E31=VLOOKUP(B31,'Reference Data'!$A$2:$F$26,4,FALSE),"OK","CHECK"),"MISSING") -> OK | R31: =IFERROR(IF(F31=VLOOKUP(B31,'Reference Data'!$A$2:$F$26,5,FALSE),"OK","CHECK"),"MISSING") -> OK | S31: =IF(AND(L31="OK",M31="OK",N31="OK",O31="OK",P31="OK",Q31="OK",R31="OK"),"OK","REVIEW") -> OK
A32: OP031 | B32: REF006 | C32: Pune | D32: Quality | E32: Quality Inspection | F32: Components | G32: 95 | H32: In Progress | I32: 46104 | L32: =IF(A32="OP"&TEXT(ROW()-1,"000"),"OK","CHECK") -> OK | M32: =IF(OR(AND(H32="Completed",J32<>""),AND(OR(H32="Pending",H32="In Progress"),J32="")),"OK","CHECK") -> OK | N32: =IFERROR(IF(VLOOKUP(B32,'Reference Data'!$A$2:$F$26,1,FALSE)=B32,"OK","CHECK"),"MISSING") -> OK | O32: =IFERROR(IF(C32=VLOOKUP(B32,'Reference Data'!$A$2:$F$26,2,FALSE),"OK","CHECK"),"MISSING") -> OK | P32: =IFERROR(IF(D32=VLOOKUP(B32,'Reference Data'!$A$2:$F$26,3,FALSE),"OK","CHECK"),"MISSING") -> OK | Q32: =IFERROR(IF(E32=VLOOKUP(B32,'Reference Data'!$A$2:$F$26,4,FALSE),"OK","CHECK"),"MISSING") -> OK | R32: =IFERROR(IF(F32=VLOOKUP(B32,'Reference Data'!$A$2:$F$26,5,FALSE),"OK","CHECK"),"MISSING") -> OK | S32: =IF(AND(L32="OK",M32="OK",N32="OK",O32="OK",P32="OK",Q32="OK",R32="OK"),"OK","REVIEW") -> OK
A33: OP032 | B33: REF007 | C33: Bengaluru | D33: Operations | E33: Equipment Inspection | F33: Equipment | G33: 14 | H33: Completed | I33: 46107 | J33: 46108 | L33: =IF(A33="OP"&TEXT(ROW()-1,"000"),"OK","CHECK") -> OK | M33: =IF(OR(AND(H33="Completed",J33<>""),AND(OR(H33="Pending",H33="In Progress"),J33="")),"OK","CHECK") -> OK | N33: =IFERROR(IF(VLOOKUP(B33,'Reference Data'!$A$2:$F$26,1,FALSE)=B33,"OK","CHECK"),"MISSING") -> OK | O33: =IFERROR(IF(C33=VLOOKUP(B33,'Reference Data'!$A$2:$F$26,2,FALSE),"OK","CHECK"),"MISSING") -> OK | P33: =IFERROR(IF(D33=VLOOKUP(B33,'Reference Data'!$A$2:$F$26,3,FALSE),"OK","CHECK"),"MISSING") -> OK | Q33: =IFERROR(IF(E33=VLOOKUP(B33,'Reference Data'!$A$2:$F$26,4,FALSE),"OK","CHECK"),"MISSING") -> OK | R33: =IFERROR(IF(F33=VLOOKUP(B33,'Reference Data'!$A$2:$F$26,5,FALSE),"OK","CHECK"),"MISSING") -> OK | S33: =IF(AND(L33="OK",M33="OK",N33="OK",O33="OK",P33="OK",Q33="OK",R33="OK"),"OK","REVIEW") -> OK
A34: OP033 | B34: REF008 | C34: Bengaluru | D34: Maintenance | E34: Equipment Inspection | F34: Equipment | G34: 11 | H34: Completed | I34: 46110 | J34: 46112 | L34: =IF(A34="OP"&TEXT(ROW()-1,"000"),"OK","CHECK") -> OK | M34: =IF(OR(AND(H34="Completed",J34<>""),AND(OR(H34="Pending",H34="In Progress"),J34="")),"OK","CHECK") -> OK | N34: =IFERROR(IF(VLOOKUP(B34,'Reference Data'!$A$2:$F$26,1,FALSE)=B34,"OK","CHECK"),"MISSING") -> OK | O34: =IFERROR(IF(C34=VLOOKUP(B34,'Reference Data'!$A$2:$F$26,2,FALSE),"OK","CHECK"),"MISSING") -> OK | P34: =IFERROR(IF(D34=VLOOKUP(B34,'Reference Data'!$A$2:$F$26,3,FALSE),"OK","CHECK"),"MISSING") -> OK | Q34: =IFERROR(IF(E34=VLOOKUP(B34,'Reference Data'!$A$2:$F$26,4,FALSE),"OK","CHECK"),"MISSING") -> OK | R34: =IFERROR(IF(F34=VLOOKUP(B34,'Reference Data'!$A$2:$F$26,5,FALSE),"OK","CHECK"),"MISSING") -> OK | S34: =IF(AND(L34="OK",M34="OK",N34="OK",O34="OK",P34="OK",Q34="OK",R34="OK"),"OK","REVIEW") -> OK
A35: OP034 | B35: REF009 | C35: Hyderabad | D35: Supply Chain | E35: Material Request | F35: Components | G35: 185 | H35: Completed | I35: 46112 | J35: 46113 | L35: =IF(A35="OP"&TEXT(ROW()-1,"000"),"OK","CHECK") -> OK | M35: =IF(OR(AND(H35="Completed",J35<>""),AND(OR(H35="Pending",H35="In Progress"),J35="")),"OK","CHECK") -> OK | N35: =IFERROR(IF(VLOOKUP(B35,'Reference Data'!$A$2:$F$26,1,FALSE)=B35,"OK","CHECK"),"MISSING") -> OK | O35: =IFERROR(IF(C35=VLOOKUP(B35,'Reference Data'!$A$2:$F$26,2,FALSE),"OK","CHECK"),"MISSING") -> OK | P35: =IFERROR(IF(D35=VLOOKUP(B35,'Reference Data'!$A$2:$F$26,3,FALSE),"OK","CHECK"),"MISSING") -> OK | Q35: =IFERROR(IF(E35=VLOOKUP(B35,'Reference Data'!$A$2:$F$26,4,FALSE),"OK","CHECK"),"MISSING") -> OK | R35: =IFERROR(IF(F35=VLOOKUP(B35,'Reference Data'!$A$2:$F$26,5,FALSE),"OK","CHECK"),"MISSING") -> OK | S35: =IF(AND(L35="OK",M35="OK",N35="OK",O35="OK",P35="OK",Q35="OK",R35="OK"),"OK","REVIEW") -> OK
A36: OP035 | B36: REF010 | C36: Hyderabad | D36: Operations | E36: Shipment Processing | F36: Packaging Materials | G36: 115 | H36: Completed | I36: 46115 | J36: 46116 | L36: =IF(A36="OP"&TEXT(ROW()-1,"000"),"OK","CHECK") -> OK | M36: =IF(OR(AND(H36="Completed",J36<>""),AND(OR(H36="Pending",H36="In Progress"),J36="")),"OK","CHECK") -> OK | N36: =IFERROR(IF(VLOOKUP(B36,'Reference Data'!$A$2:$F$26,1,FALSE)=B36,"OK","CHECK"),"MISSING") -> OK | O36: =IFERROR(IF(C36=VLOOKUP(B36,'Reference Data'!$A$2:$F$26,2,FALSE),"OK","CHECK"),"MISSING") -> OK | P36: =IFERROR(IF(D36=VLOOKUP(B36,'Reference Data'!$A$2:$F$26,3,FALSE),"OK","CHECK"),"MISSING") -> OK | Q36: =IFERROR(IF(E36=VLOOKUP(B36,'Reference Data'!$A$2:$F$26,4,FALSE),"OK","CHECK"),"MISSING") -> OK | R36: =IFERROR(IF(F36=VLOOKUP(B36,'Reference Data'!$A$2:$F$26,5,FALSE),"OK","CHECK"),"MISSING") -> OK | S36: =IF(AND(L36="OK",M36="OK",N36="OK",O36="OK",P36="OK",Q36="OK",R36="OK"),"OK","REVIEW") -> OK
A37: OP036 | B37: REF011 | C37: Chennai | D37: Quality | E37: Quality Inspection | F37: Raw Materials | G37: 105 | H37: Completed | I37: 46117 | J37: 46119 | L37: =IF(A37="OP"&TEXT(ROW()-1,"000"),"OK","CHECK") -> OK | M37: =IF(OR(AND(H37="Completed",J37<>""),AND(OR(H37="Pending",H37="In Progress"),J37="")),"OK","CHECK") -> OK | N37: =IFERROR(IF(VLOOKUP(B37,'Reference Data'!$A$2:$F$26,1,FALSE)=B37,"OK","CHECK"),"MISSING") -> OK | O37: =IFERROR(IF(C37=VLOOKUP(B37,'Reference Data'!$A$2:$F$26,2,FALSE),"OK","CHECK"),"MISSING") -> OK | P37: =IFERROR(IF(D37=VLOOKUP(B37,'Reference Data'!$A$2:$F$26,3,FALSE),"OK","CHECK"),"MISSING") -> OK | Q37: =IFERROR(IF(E37=VLOOKUP(B37,'Reference Data'!$A$2:$F$26,4,FALSE),"OK","CHECK"),"MISSING") -> OK | R37: =IFERROR(IF(F37=VLOOKUP(B37,'Reference Data'!$A$2:$F$26,5,FALSE),"OK","CHECK"),"MISSING") -> OK | S37: =IF(AND(L37="OK",M37="OK",N37="OK",O37="OK",P37="OK",Q37="OK",R37="OK"),"OK","REVIEW") -> OK
A38: OP037 | B38: REF012 | C38: Chennai | D38: Operations | E38: Inventory Review | F38: Components | G38: 145 | H38: Pending | I38: 46120 | L38: =IF(A38="OP"&TEXT(ROW()-1,"000"),"OK","CHECK") -> OK | M38: =IF(OR(AND(H38="Completed",J38<>""),AND(OR(H38="Pending",H38="In Progress"),J38="")),"OK","CHECK") -> OK | N38: =IFERROR(IF(VLOOKUP(B38,'Reference Data'!$A$2:$F$26,1,FALSE)=B38,"OK","CHECK"),"MISSING") -> OK | O38: =IFERROR(IF(C38=VLOOKUP(B38,'Reference Data'!$A$2:$F$26,2,FALSE),"OK","CHECK"),"MISSING") -> OK | P38: =IFERROR(IF(D38=VLOOKUP(B38,'Reference Data'!$A$2:$F$26,3,FALSE),"OK","CHECK"),"MISSING") -> OK | Q38: =IFERROR(IF(E38=VLOOKUP(B38,'Reference Data'!$A$2:$F$26,4,FALSE),"OK","CHECK"),"MISSING") -> OK | R38: =IFERROR(IF(F38=VLOOKUP(B38,'Reference Data'!$A$2:$F$26,5,FALSE),"OK","CHECK"),"MISSING") -> OK | S38: =IF(AND(L38="OK",M38="OK",N38="OK",O38="OK",P38="OK",Q38="OK",R38="OK"),"OK","REVIEW") -> OK
A39: OP038 | B39: REF013 | C39: Delhi | D39: Supply Chain | E39: Material Request | F39: Packaging Materials | G39: 175 | H39: Completed | I39: 46123 | J39: 46124 | L39: =IF(A39="OP"&TEXT(ROW()-1,"000"),"OK","CHECK") -> OK | M39: =IF(OR(AND(H39="Completed",J39<>""),AND(OR(H39="Pending",H39="In Progress"),J39="")),"OK","CHECK") -> OK | N39: =IFERROR(IF(VLOOKUP(B39,'Reference Data'!$A$2:$F$26,1,FALSE)=B39,"OK","CHECK"),"MISSING") -> OK | O39: =IFERROR(IF(C39=VLOOKUP(B39,'Reference Data'!$A$2:$F$26,2,FALSE),"OK","CHECK"),"MISSING") -> OK | P39: =IFERROR(IF(D39=VLOOKUP(B39,'Reference Data'!$A$2:$F$26,3,FALSE),"OK","CHECK"),"MISSING") -> OK | Q39: =IFERROR(IF(E39=VLOOKUP(B39,'Reference Data'!$A$2:$F$26,4,FALSE),"OK","CHECK"),"MISSING") -> OK | R39: =IFERROR(IF(F39=VLOOKUP(B39,'Reference Data'!$A$2:$F$26,5,FALSE),"OK","CHECK"),"MISSING") -> OK | S39: =IF(AND(L39="OK",M39="OK",N39="OK",O39="OK",P39="OK",Q39="OK",R39="OK"),"OK","REVIEW") -> OK
A40: OP039 | B40: REF014 | C40: Delhi | D40: Operations | E40: Shipment Processing | F40: Finished Goods | G40: 78 | H40: Completed | I40: 46125 | J40: 46127 | L40: =IF(A40="OP"&TEXT(ROW()-1,"000"),"OK","CHECK") -> OK | M40: =IF(OR(AND(H40="Completed",J40<>""),AND(OR(H40="Pending",H40="In Progress"),J40="")),"OK","CHECK") -> OK | N40: =IFERROR(IF(VLOOKUP(B40,'Reference Data'!$A$2:$F$26,1,FALSE)=B40,"OK","CHECK"),"MISSING") -> OK | O40: =IFERROR(IF(C40=VLOOKUP(B40,'Reference Data'!$A$2:$F$26,2,FALSE),"OK","CHECK"),"MISSING") -> OK | P40: =IFERROR(IF(D40=VLOOKUP(B40,'Reference Data'!$A$2:$F$26,3,FALSE),"OK","CHECK"),"MISSING") -> OK | Q40: =IFERROR(IF(E40=VLOOKUP(B40,'Reference Data'!$A$2:$F$26,4,FALSE),"OK","CHECK"),"MISSING") -> OK | R40: =IFERROR(IF(F40=VLOOKUP(B40,'Reference Data'!$A$2:$F$26,5,FALSE),"OK","CHECK"),"MISSING") -> OK | S40: =IF(AND(L40="OK",M40="OK",N40="OK",O40="OK",P40="OK",Q40="OK",R40="OK"),"OK","REVIEW") -> OK
A41: OP040 | B41: REF015 | C41: Kolkata | D41: Maintenance | E41: Equipment Inspection | F41: Equipment | G41: 13 | H41: Completed | I41: 46128 | J41: 46129 | L41: =IF(A41="OP"&TEXT(ROW()-1,"000"),"OK","CHECK") -> OK | M41: =IF(OR(AND(H41="Completed",J41<>""),AND(OR(H41="Pending",H41="In Progress"),J41="")),"OK","CHECK") -> OK | N41: =IFERROR(IF(VLOOKUP(B41,'Reference Data'!$A$2:$F$26,1,FALSE)=B41,"OK","CHECK"),"MISSING") -> OK | O41: =IFERROR(IF(C41=VLOOKUP(B41,'Reference Data'!$A$2:$F$26,2,FALSE),"OK","CHECK"),"MISSING") -> OK | P41: =IFERROR(IF(D41=VLOOKUP(B41,'Reference Data'!$A$2:$F$26,3,FALSE),"OK","CHECK"),"MISSING") -> OK | Q41: =IFERROR(IF(E41=VLOOKUP(B41,'Reference Data'!$A$2:$F$26,4,FALSE),"OK","CHECK"),"MISSING") -> OK | R41: =IFERROR(IF(F41=VLOOKUP(B41,'Reference Data'!$A$2:$F$26,5,FALSE),"OK","CHECK"),"MISSING") -> OK | S41: =IF(AND(L41="OK",M41="OK",N41="OK",O41="OK",P41="OK",Q41="OK",R41="OK"),"OK","REVIEW") -> OK
A42: OP041 | B42: REF016 | C42: Mumbai | D42: Quality | E42: Quality Inspection | F42: Finished Goods | G42: 108 | H42: Completed | I42: 46130 | J42: 46131 | L42: =IF(A42="OP"&TEXT(ROW()-1,"000"),"OK","CHECK") -> OK | M42: =IF(OR(AND(H42="Completed",J42<>""),AND(OR(H42="Pending",H42="In Progress"),J42="")),"OK","CHECK") -> OK | N42: =IFERROR(IF(VLOOKUP(B42,'Reference Data'!$A$2:$F$26,1,FALSE)=B42,"OK","CHECK"),"MISSING") -> OK | O42: =IFERROR(IF(C42=VLOOKUP(B42,'Reference Data'!$A$2:$F$26,2,FALSE),"OK","CHECK"),"MISSING") -> OK | P42: =IFERROR(IF(D42=VLOOKUP(B42,'Reference Data'!$A$2:$F$26,3,FALSE),"OK","CHECK"),"MISSING") -> OK | Q42: =IFERROR(IF(E42=VLOOKUP(B42,'Reference Data'!$A$2:$F$26,4,FALSE),"OK","CHECK"),"MISSING") -> OK | R42: =IFERROR(IF(F42=VLOOKUP(B42,'Reference Data'!$A$2:$F$26,5,FALSE),"OK","CHECK"),"MISSING") -> OK | S42: =IF(AND(L42="OK",M42="OK",N42="OK",O42="OK",P42="OK",Q42="OK",R42="OK"),"OK","REVIEW") -> OK
A43: OP042 | B43: REF017 | C43: Pune | D43: Supply Chain | E43: Material Request | F43: Raw Materials | G43: 155 | H43: Completed | I43: 46133 | J43: 46135 | L43: =IF(A43="OP"&TEXT(ROW()-1,"000"),"OK","CHECK") -> OK | M43: =IF(OR(AND(H43="Completed",J43<>""),AND(OR(H43="Pending",H43="In Progress"),J43="")),"OK","CHECK") -> OK | N43: =IFERROR(IF(VLOOKUP(B43,'Reference Data'!$A$2:$F$26,1,FALSE)=B43,"OK","CHECK"),"MISSING") -> OK | O43: =IFERROR(IF(C43=VLOOKUP(B43,'Reference Data'!$A$2:$F$26,2,FALSE),"OK","CHECK"),"MISSING") -> OK | P43: =IFERROR(IF(D43=VLOOKUP(B43,'Reference Data'!$A$2:$F$26,3,FALSE),"OK","CHECK"),"MISSING") -> OK | Q43: =IFERROR(IF(E43=VLOOKUP(B43,'Reference Data'!$A$2:$F$26,4,FALSE),"OK","CHECK"),"MISSING") -> OK | R43: =IFERROR(IF(F43=VLOOKUP(B43,'Reference Data'!$A$2:$F$26,5,FALSE),"OK","CHECK"),"MISSING") -> OK | S43: =IF(AND(L43="OK",M43="OK",N43="OK",O43="OK",P43="OK",Q43="OK",R43="OK"),"OK","REVIEW") -> OK
A44: OP043 | B44: REF018 | C44: Bengaluru | D44: Operations | E44: Inventory Review | F44: Components | G44: 125 | H44: Completed | I44: 46135 | J44: 46136 | L44: =IF(A44="OP"&TEXT(ROW()-1,"000"),"OK","CHECK") -> OK | M44: =IF(OR(AND(H44="Completed",J44<>""),AND(OR(H44="Pending",H44="In Progress"),J44="")),"OK","CHECK") -> OK | N44: =IFERROR(IF(VLOOKUP(B44,'Reference Data'!$A$2:$F$26,1,FALSE)=B44,"OK","CHECK"),"MISSING") -> OK | O44: =IFERROR(IF(C44=VLOOKUP(B44,'Reference Data'!$A$2:$F$26,2,FALSE),"OK","CHECK"),"MISSING") -> OK | P44: =IFERROR(IF(D44=VLOOKUP(B44,'Reference Data'!$A$2:$F$26,3,FALSE),"OK","CHECK"),"MISSING") -> OK | Q44: =IFERROR(IF(E44=VLOOKUP(B44,'Reference Data'!$A$2:$F$26,4,FALSE),"OK","CHECK"),"MISSING") -> OK | R44: =IFERROR(IF(F44=VLOOKUP(B44,'Reference Data'!$A$2:$F$26,5,FALSE),"OK","CHECK"),"MISSING") -> OK | S44: =IF(AND(L44="OK",M44="OK",N44="OK",O44="OK",P44="OK",Q44="OK",R44="OK"),"OK","REVIEW") -> OK
A45: OP044 | B45: REF019 | C45: Hyderabad | D45: Quality | E45: Quality Inspection | F45: Packaging Materials | G45: 90 | H45: In Progress | I45: 46138 | L45: =IF(A45="OP"&TEXT(ROW()-1,"000"),"OK","CHECK") -> OK | M45: =IF(OR(AND(H45="Completed",J45<>""),AND(OR(H45="Pending",H45="In Progress"),J45="")),"OK","CHECK") -> OK | N45: =IFERROR(IF(VLOOKUP(B45,'Reference Data'!$A$2:$F$26,1,FALSE)=B45,"OK","CHECK"),"MISSING") -> OK | O45: =IFERROR(IF(C45=VLOOKUP(B45,'Reference Data'!$A$2:$F$26,2,FALSE),"OK","CHECK"),"MISSING") -> OK | P45: =IFERROR(IF(D45=VLOOKUP(B45,'Reference Data'!$A$2:$F$26,3,FALSE),"OK","CHECK"),"MISSING") -> OK | Q45: =IFERROR(IF(E45=VLOOKUP(B45,'Reference Data'!$A$2:$F$26,4,FALSE),"OK","CHECK"),"MISSING") -> OK | R45: =IFERROR(IF(F45=VLOOKUP(B45,'Reference Data'!$A$2:$F$26,5,FALSE),"OK","CHECK"),"MISSING") -> OK | S45: =IF(AND(L45="OK",M45="OK",N45="OK",O45="OK",P45="OK",Q45="OK",R45="OK"),"OK","REVIEW") -> OK
A46: OP045 | B46: REF020 | C46: Chennai | D46: Supply Chain | E46: Material Request | F46: Finished Goods | G46: 135 | H46: Completed | I46: 46141 | J46: 46143 | L46: =IF(A46="OP"&TEXT(ROW()-1,"000"),"OK","CHECK") -> OK | M46: =IF(OR(AND(H46="Completed",J46<>""),AND(OR(H46="Pending",H46="In Progress"),J46="")),"OK","CHECK") -> OK | N46: =IFERROR(IF(VLOOKUP(B46,'Reference Data'!$A$2:$F$26,1,FALSE)=B46,"OK","CHECK"),"MISSING") -> OK | O46: =IFERROR(IF(C46=VLOOKUP(B46,'Reference Data'!$A$2:$F$26,2,FALSE),"OK","CHECK"),"MISSING") -> OK | P46: =IFERROR(IF(D46=VLOOKUP(B46,'Reference Data'!$A$2:$F$26,3,FALSE),"OK","CHECK"),"MISSING") -> OK | Q46: =IFERROR(IF(E46=VLOOKUP(B46,'Reference Data'!$A$2:$F$26,4,FALSE),"OK","CHECK"),"MISSING") -> OK | R46: =IFERROR(IF(F46=VLOOKUP(B46,'Reference Data'!$A$2:$F$26,5,FALSE),"OK","CHECK"),"MISSING") -> OK | S46: =IF(AND(L46="OK",M46="OK",N46="OK",O46="OK",P46="OK",Q46="OK",R46="OK"),"OK","REVIEW") -> OK
A47: OP046 | B47: REF021 | C47: Delhi | D47: Quality | E47: Quality Inspection | F47: Components | G47: 112 | H47: Completed | I47: 46143 | J47: 46144 | L47: =IF(A47="OP"&TEXT(ROW()-1,"000"),"OK","CHECK") -> OK | M47: =IF(OR(AND(H47="Completed",J47<>""),AND(OR(H47="Pending",H47="In Progress"),J47="")),"OK","CHECK") -> OK | N47: =IFERROR(IF(VLOOKUP(B47,'Reference Data'!$A$2:$F$26,1,FALSE)=B47,"OK","CHECK"),"MISSING") -> OK | O47: =IFERROR(IF(C47=VLOOKUP(B47,'Reference Data'!$A$2:$F$26,2,FALSE),"OK","CHECK"),"MISSING") -> OK | P47: =IFERROR(IF(D47=VLOOKUP(B47,'Reference Data'!$A$2:$F$26,3,FALSE),"OK","CHECK"),"MISSING") -> OK | Q47: =IFERROR(IF(E47=VLOOKUP(B47,'Reference Data'!$A$2:$F$26,4,FALSE),"OK","CHECK"),"MISSING") -> OK | R47: =IFERROR(IF(F47=VLOOKUP(B47,'Reference Data'!$A$2:$F$26,5,FALSE),"OK","CHECK"),"MISSING") -> OK | S47: =IF(AND(L47="OK",M47="OK",N47="OK",O47="OK",P47="OK",Q47="OK",R47="OK"),"OK","REVIEW") -> OK
A48: OP047 | B48: REF022 | C48: Kolkata | D48: Supply Chain | E48: Material Request | F48: Components | G48: 145 | H48: Completed | I48: 46146 | J48: 46147 | L48: =IF(A48="OP"&TEXT(ROW()-1,"000"),"OK","CHECK") -> OK | M48: =IF(OR(AND(H48="Completed",J48<>""),AND(OR(H48="Pending",H48="In Progress"),J48="")),"OK","CHECK") -> OK | N48: =IFERROR(IF(VLOOKUP(B48,'Reference Data'!$A$2:$F$26,1,FALSE)=B48,"OK","CHECK"),"MISSING") -> OK | O48: =IFERROR(IF(C48=VLOOKUP(B48,'Reference Data'!$A$2:$F$26,2,FALSE),"OK","CHECK"),"MISSING") -> OK | P48: =IFERROR(IF(D48=VLOOKUP(B48,'Reference Data'!$A$2:$F$26,3,FALSE),"OK","CHECK"),"MISSING") -> OK | Q48: =IFERROR(IF(E48=VLOOKUP(B48,'Reference Data'!$A$2:$F$26,4,FALSE),"OK","CHECK"),"MISSING") -> OK | R48: =IFERROR(IF(F48=VLOOKUP(B48,'Reference Data'!$A$2:$F$26,5,FALSE),"OK","CHECK"),"MISSING") -> OK | S48: =IF(AND(L48="OK",M48="OK",N48="OK",O48="OK",P48="OK",Q48="OK",R48="OK"),"OK","REVIEW") -> OK
A49: OP048 | B49: REF023 | C49: Mumbai | D49: Maintenance | E49: Equipment Inspection | F49: Equipment | G49: 10 | H49: Pending | I49: 46148 | L49: =IF(A49="OP"&TEXT(ROW()-1,"000"),"OK","CHECK") -> OK | M49: =IF(OR(AND(H49="Completed",J49<>""),AND(OR(H49="Pending",H49="In Progress"),J49="")),"OK","CHECK") -> OK | N49: =IFERROR(IF(VLOOKUP(B49,'Reference Data'!$A$2:$F$26,1,FALSE)=B49,"OK","CHECK"),"MISSING") -> OK | O49: =IFERROR(IF(C49=VLOOKUP(B49,'Reference Data'!$A$2:$F$26,2,FALSE),"OK","CHECK"),"MISSING") -> OK | P49: =IFERROR(IF(D49=VLOOKUP(B49,'Reference Data'!$A$2:$F$26,3,FALSE),"OK","CHECK"),"MISSING") -> OK | Q49: =IFERROR(IF(E49=VLOOKUP(B49,'Reference Data'!$A$2:$F$26,4,FALSE),"OK","CHECK"),"MISSING") -> OK | R49: =IFERROR(IF(F49=VLOOKUP(B49,'Reference Data'!$A$2:$F$26,5,FALSE),"OK","CHECK"),"MISSING") -> OK | S49: =IF(AND(L49="OK",M49="OK",N49="OK",O49="OK",P49="OK",Q49="OK",R49="OK"),"OK","REVIEW") -> OK
A50: OP049 | B50: REF024 | C50: Pune | D50: Operations | E50: Inventory Review | F50: Raw Materials | G50: 195 | H50: Completed | I50: 46151 | J50: 46152 | L50: =IF(A50="OP"&TEXT(ROW()-1,"000"),"OK","CHECK") -> OK | M50: =IF(OR(AND(H50="Completed",J50<>""),AND(OR(H50="Pending",H50="In Progress"),J50="")),"OK","CHECK") -> OK | N50: =IFERROR(IF(VLOOKUP(B50,'Reference Data'!$A$2:$F$26,1,FALSE)=B50,"OK","CHECK"),"MISSING") -> OK | O50: =IFERROR(IF(C50=VLOOKUP(B50,'Reference Data'!$A$2:$F$26,2,FALSE),"OK","CHECK"),"MISSING") -> OK | P50: =IFERROR(IF(D50=VLOOKUP(B50,'Reference Data'!$A$2:$F$26,3,FALSE),"OK","CHECK"),"MISSING") -> OK | Q50: =IFERROR(IF(E50=VLOOKUP(B50,'Reference Data'!$A$2:$F$26,4,FALSE),"OK","CHECK"),"MISSING") -> OK | R50: =IFERROR(IF(F50=VLOOKUP(B50,'Reference Data'!$A$2:$F$26,5,FALSE),"OK","CHECK"),"MISSING") -> OK | S50: =IF(AND(L50="OK",M50="OK",N50="OK",O50="OK",P50="OK",Q50="OK",R50="OK"),"OK","REVIEW") -> OK
A51: OP050 | B51: REF025 | C51: Bengaluru | D51: Quality | E51: Quality Inspection | F51: Finished Goods | G51: 94 | H51: Completed | I51: 46154 | J51: 46155 | L51: =IF(A51="OP"&TEXT(ROW()-1,"000"),"OK","CHECK") -> OK | M51: =IF(OR(AND(H51="Completed",J51<>""),AND(OR(H51="Pending",H51="In Progress"),J51="")),"OK","CHECK") -> OK | N51: =IFERROR(IF(VLOOKUP(B51,'Reference Data'!$A$2:$F$26,1,FALSE)=B51,"OK","CHECK"),"MISSING") -> OK | O51: =IFERROR(IF(C51=VLOOKUP(B51,'Reference Data'!$A$2:$F$26,2,FALSE),"OK","CHECK"),"MISSING") -> OK | P51: =IFERROR(IF(D51=VLOOKUP(B51,'Reference Data'!$A$2:$F$26,3,FALSE),"OK","CHECK"),"MISSING") -> OK | Q51: =IFERROR(IF(E51=VLOOKUP(B51,'Reference Data'!$A$2:$F$26,4,FALSE),"OK","CHECK"),"MISSING") -> OK | R51: =IFERROR(IF(F51=VLOOKUP(B51,'Reference Data'!$A$2:$F$26,5,FALSE),"OK","CHECK"),"MISSING") -> OK | S51: =IF(AND(L51="OK",M51="OK",N51="OK",O51="OK",P51="OK",Q51="OK",R51="OK"),"OK","REVIEW") -> OK
A52: OP051 | B52: REF001 | C52: Kolkata | D52: Operations | E52: Inventory Review | F52: Raw Materials | G52: 155 | H52: Completed | I52: 46156 | J52: 46158 | L52: =IF(A52="OP"&TEXT(ROW()-1,"000"),"OK","CHECK") -> OK | M52: =IF(OR(AND(H52="Completed",J52<>""),AND(OR(H52="Pending",H52="In Progress"),J52="")),"OK","CHECK") -> OK | N52: =IFERROR(IF(VLOOKUP(B52,'Reference Data'!$A$2:$F$26,1,FALSE)=B52,"OK","CHECK"),"MISSING") -> OK | O52: =IFERROR(IF(C52=VLOOKUP(B52,'Reference Data'!$A$2:$F$26,2,FALSE),"OK","CHECK"),"MISSING") -> OK | P52: =IFERROR(IF(D52=VLOOKUP(B52,'Reference Data'!$A$2:$F$26,3,FALSE),"OK","CHECK"),"MISSING") -> OK | Q52: =IFERROR(IF(E52=VLOOKUP(B52,'Reference Data'!$A$2:$F$26,4,FALSE),"OK","CHECK"),"MISSING") -> OK | R52: =IFERROR(IF(F52=VLOOKUP(B52,'Reference Data'!$A$2:$F$26,5,FALSE),"OK","CHECK"),"MISSING") -> OK | S52: =IF(AND(L52="OK",M52="OK",N52="OK",O52="OK",P52="OK",Q52="OK",R52="OK"),"OK","REVIEW") -> OK
A53: OP052 | B53: REF002 | C53: Kolkata | D53: Quality | E53: Quality Inspection | F53: Finished Goods | G53: 98 | H53: In Progress | I53: 46159 | L53: =IF(A53="OP"&TEXT(ROW()-1,"000"),"OK","CHECK") -> OK | M53: =IF(OR(AND(H53="Completed",J53<>""),AND(OR(H53="Pending",H53="In Progress"),J53="")),"OK","CHECK") -> OK | N53: =IFERROR(IF(VLOOKUP(B53,'Reference Data'!$A$2:$F$26,1,FALSE)=B53,"OK","CHECK"),"MISSING") -> OK | O53: =IFERROR(IF(C53=VLOOKUP(B53,'Reference Data'!$A$2:$F$26,2,FALSE),"OK","CHECK"),"MISSING") -> OK | P53: =IFERROR(IF(D53=VLOOKUP(B53,'Reference Data'!$A$2:$F$26,3,FALSE),"OK","CHECK"),"MISSING") -> OK | Q53: =IFERROR(IF(E53=VLOOKUP(B53,'Reference Data'!$A$2:$F$26,4,FALSE),"OK","CHECK"),"MISSING") -> OK | R53: =IFERROR(IF(F53=VLOOKUP(B53,'Reference Data'!$A$2:$F$26,5,FALSE),"OK","CHECK"),"MISSING") -> OK | S53: =IF(AND(L53="OK",M53="OK",N53="OK",O53="OK",P53="OK",Q53="OK",R53="OK"),"OK","REVIEW") -> OK
A54: OP053 | B54: REF003 | C54: Mumbai | D54: Operations | E54: Inventory Review | F54: Packaging Materials | G54: 220 | H54: Completed | I54: 46161 | J54: 46162 | L54: =IF(A54="OP"&TEXT(ROW()-1,"000"),"OK","CHECK") -> OK | M54: =IF(OR(AND(H54="Completed",J54<>""),AND(OR(H54="Pending",H54="In Progress"),J54="")),"OK","CHECK") -> OK | N54: =IFERROR(IF(VLOOKUP(B54,'Reference Data'!$A$2:$F$26,1,FALSE)=B54,"OK","CHECK"),"MISSING") -> OK | O54: =IFERROR(IF(C54=VLOOKUP(B54,'Reference Data'!$A$2:$F$26,2,FALSE),"OK","CHECK"),"MISSING") -> OK | P54: =IFERROR(IF(D54=VLOOKUP(B54,'Reference Data'!$A$2:$F$26,3,FALSE),"OK","CHECK"),"MISSING") -> OK | Q54: =IFERROR(IF(E54=VLOOKUP(B54,'Reference Data'!$A$2:$F$26,4,FALSE),"OK","CHECK"),"MISSING") -> OK | R54: =IFERROR(IF(F54=VLOOKUP(B54,'Reference Data'!$A$2:$F$26,5,FALSE),"OK","CHECK"),"MISSING") -> OK | S54: =IF(AND(L54="OK",M54="OK",N54="OK",O54="OK",P54="OK",Q54="OK",R54="OK"),"OK","REVIEW") -> OK
A55: OP054 | B55: REF004 | C55: Mumbai | D55: Supply Chain | E55: Material Request | F55: Raw Materials | G55: 170 | H55: Completed | I55: 46164 | J55: 46166 | L55: =IF(A55="OP"&TEXT(ROW()-1,"000"),"OK","CHECK") -> OK | M55: =IF(OR(AND(H55="Completed",J55<>""),AND(OR(H55="Pending",H55="In Progress"),J55="")),"OK","CHECK") -> OK | N55: =IFERROR(IF(VLOOKUP(B55,'Reference Data'!$A$2:$F$26,1,FALSE)=B55,"OK","CHECK"),"MISSING") -> OK | O55: =IFERROR(IF(C55=VLOOKUP(B55,'Reference Data'!$A$2:$F$26,2,FALSE),"OK","CHECK"),"MISSING") -> OK | P55: =IFERROR(IF(D55=VLOOKUP(B55,'Reference Data'!$A$2:$F$26,3,FALSE),"OK","CHECK"),"MISSING") -> OK | Q55: =IFERROR(IF(E55=VLOOKUP(B55,'Reference Data'!$A$2:$F$26,4,FALSE),"OK","CHECK"),"MISSING") -> OK | R55: =IFERROR(IF(F55=VLOOKUP(B55,'Reference Data'!$A$2:$F$26,5,FALSE),"OK","CHECK"),"MISSING") -> OK | S55: =IF(AND(L55="OK",M55="OK",N55="OK",O55="OK",P55="OK",Q55="OK",R55="OK"),"OK","REVIEW") -> OK
A56: OP055 | B56: REF005 | C56: Pune | D56: Operations | E56: Shipment Processing | F56: Finished Goods | G56: 85 | H56: Completed | I56: 46166 | J56: 46167 | L56: =IF(A56="OP"&TEXT(ROW()-1,"000"),"OK","CHECK") -> OK | M56: =IF(OR(AND(H56="Completed",J56<>""),AND(OR(H56="Pending",H56="In Progress"),J56="")),"OK","CHECK") -> OK | N56: =IFERROR(IF(VLOOKUP(B56,'Reference Data'!$A$2:$F$26,1,FALSE)=B56,"OK","CHECK"),"MISSING") -> OK | O56: =IFERROR(IF(C56=VLOOKUP(B56,'Reference Data'!$A$2:$F$26,2,FALSE),"OK","CHECK"),"MISSING") -> OK | P56: =IFERROR(IF(D56=VLOOKUP(B56,'Reference Data'!$A$2:$F$26,3,FALSE),"OK","CHECK"),"MISSING") -> OK | Q56: =IFERROR(IF(E56=VLOOKUP(B56,'Reference Data'!$A$2:$F$26,4,FALSE),"OK","CHECK"),"MISSING") -> OK | R56: =IFERROR(IF(F56=VLOOKUP(B56,'Reference Data'!$A$2:$F$26,5,FALSE),"OK","CHECK"),"MISSING") -> OK | S56: =IF(AND(L56="OK",M56="OK",N56="OK",O56="OK",P56="OK",Q56="OK",R56="OK"),"OK","REVIEW") -> OK
A57: OP056 | B57: REF006 | C57: Pune | D57: Quality | E57: Quality Inspection | F57: Components | G57: 100 | H57: Completed | I57: 46169 | J57: 46170 | L57: =IF(A57="OP"&TEXT(ROW()-1,"000"),"OK","CHECK") -> OK | M57: =IF(OR(AND(H57="Completed",J57<>""),AND(OR(H57="Pending",H57="In Progress"),J57="")),"OK","CHECK") -> OK | N57: =IFERROR(IF(VLOOKUP(B57,'Reference Data'!$A$2:$F$26,1,FALSE)=B57,"OK","CHECK"),"MISSING") -> OK | O57: =IFERROR(IF(C57=VLOOKUP(B57,'Reference Data'!$A$2:$F$26,2,FALSE),"OK","CHECK"),"MISSING") -> OK | P57: =IFERROR(IF(D57=VLOOKUP(B57,'Reference Data'!$A$2:$F$26,3,FALSE),"OK","CHECK"),"MISSING") -> OK | Q57: =IFERROR(IF(E57=VLOOKUP(B57,'Reference Data'!$A$2:$F$26,4,FALSE),"OK","CHECK"),"MISSING") -> OK | R57: =IFERROR(IF(F57=VLOOKUP(B57,'Reference Data'!$A$2:$F$26,5,FALSE),"OK","CHECK"),"MISSING") -> OK | S57: =IF(AND(L57="OK",M57="OK",N57="OK",O57="OK",P57="OK",Q57="OK",R57="OK"),"OK","REVIEW") -> OK
A58: OP057 | B58: REF007 | C58: Bengaluru | D58: Operations | E58: Equipment Inspection | F58: Equipment | G58: 15 | H58: Completed | I58: 46172 | J58: 46174 | L58: =IF(A58="OP"&TEXT(ROW()-1,"000"),"OK","CHECK") -> OK | M58: =IF(OR(AND(H58="Completed",J58<>""),AND(OR(H58="Pending",H58="In Progress"),J58="")),"OK","CHECK") -> OK | N58: =IFERROR(IF(VLOOKUP(B58,'Reference Data'!$A$2:$F$26,1,FALSE)=B58,"OK","CHECK"),"MISSING") -> OK | O58: =IFERROR(IF(C58=VLOOKUP(B58,'Reference Data'!$A$2:$F$26,2,FALSE),"OK","CHECK"),"MISSING") -> OK | P58: =IFERROR(IF(D58=VLOOKUP(B58,'Reference Data'!$A$2:$F$26,3,FALSE),"OK","CHECK"),"MISSING") -> OK | Q58: =IFERROR(IF(E58=VLOOKUP(B58,'Reference Data'!$A$2:$F$26,4,FALSE),"OK","CHECK"),"MISSING") -> OK | R58: =IFERROR(IF(F58=VLOOKUP(B58,'Reference Data'!$A$2:$F$26,5,FALSE),"OK","CHECK"),"MISSING") -> OK | S58: =IF(AND(L58="OK",M58="OK",N58="OK",O58="OK",P58="OK",Q58="OK",R58="OK"),"OK","REVIEW") -> OK
A59: OP058 | B59: REF008 | C59: Bengaluru | D59: Maintenance | E59: Equipment Inspection | F59: Equipment | G59: 12 | H59: Completed | I59: 46174 | J59: 46175 | L59: =IF(A59="OP"&TEXT(ROW()-1,"000"),"OK","CHECK") -> OK | M59: =IF(OR(AND(H59="Completed",J59<>""),AND(OR(H59="Pending",H59="In Progress"),J59="")),"OK","CHECK") -> OK | N59: =IFERROR(IF(VLOOKUP(B59,'Reference Data'!$A$2:$F$26,1,FALSE)=B59,"OK","CHECK"),"MISSING") -> OK | O59: =IFERROR(IF(C59=VLOOKUP(B59,'Reference Data'!$A$2:$F$26,2,FALSE),"OK","CHECK"),"MISSING") -> OK | P59: =IFERROR(IF(D59=VLOOKUP(B59,'Reference Data'!$A$2:$F$26,3,FALSE),"OK","CHECK"),"MISSING") -> OK | Q59: =IFERROR(IF(E59=VLOOKUP(B59,'Reference Data'!$A$2:$F$26,4,FALSE),"OK","CHECK"),"MISSING") -> OK | R59: =IFERROR(IF(F59=VLOOKUP(B59,'Reference Data'!$A$2:$F$26,5,FALSE),"OK","CHECK"),"MISSING") -> OK | S59: =IF(AND(L59="OK",M59="OK",N59="OK",O59="OK",P59="OK",Q59="OK",R59="OK"),"OK","REVIEW") -> OK
A60: OP059 | B60: REF009 | C60: Hyderabad | D60: Supply Chain | E60: Material Request | F60: Components | G60: 195 | H60: Pending | I60: 46177 | L60: =IF(A60="OP"&TEXT(ROW()-1,"000"),"OK","CHECK") -> OK | M60: =IF(OR(AND(H60="Completed",J60<>""),AND(OR(H60="Pending",H60="In Progress"),J60="")),"OK","CHECK") -> OK | N60: =IFERROR(IF(VLOOKUP(B60,'Reference Data'!$A$2:$F$26,1,FALSE)=B60,"OK","CHECK"),"MISSING") -> OK | O60: =IFERROR(IF(C60=VLOOKUP(B60,'Reference Data'!$A$2:$F$26,2,FALSE),"OK","CHECK"),"MISSING") -> OK | P60: =IFERROR(IF(D60=VLOOKUP(B60,'Reference Data'!$A$2:$F$26,3,FALSE),"OK","CHECK"),"MISSING") -> OK | Q60: =IFERROR(IF(E60=VLOOKUP(B60,'Reference Data'!$A$2:$F$26,4,FALSE),"OK","CHECK"),"MISSING") -> OK | R60: =IFERROR(IF(F60=VLOOKUP(B60,'Reference Data'!$A$2:$F$26,5,FALSE),"OK","CHECK"),"MISSING") -> OK | S60: =IF(AND(L60="OK",M60="OK",N60="OK",O60="OK",P60="OK",Q60="OK",R60="OK"),"OK","REVIEW") -> OK
A61: OP060 | B61: REF010 | C61: Hyderabad | D61: Operations | E61: Shipment Processing | F61: Packaging Materials | G61: 120 | H61: Completed | I61: 46179 | J61: 46181 | L61: =IF(A61="OP"&TEXT(ROW()-1,"000"),"OK","CHECK") -> OK | M61: =IF(OR(AND(H61="Completed",J61<>""),AND(OR(H61="Pending",H61="In Progress"),J61="")),"OK","CHECK") -> OK | N61: =IFERROR(IF(VLOOKUP(B61,'Reference Data'!$A$2:$F$26,1,FALSE)=B61,"OK","CHECK"),"MISSING") -> OK | O61: =IFERROR(IF(C61=VLOOKUP(B61,'Reference Data'!$A$2:$F$26,2,FALSE),"OK","CHECK"),"MISSING") -> OK | P61: =IFERROR(IF(D61=VLOOKUP(B61,'Reference Data'!$A$2:$F$26,3,FALSE),"OK","CHECK"),"MISSING") -> OK | Q61: =IFERROR(IF(E61=VLOOKUP(B61,'Reference Data'!$A$2:$F$26,4,FALSE),"OK","CHECK"),"MISSING") -> OK | R61: =IFERROR(IF(F61=VLOOKUP(B61,'Reference Data'!$A$2:$F$26,5,FALSE),"OK","CHECK"),"MISSING") -> OK | S61: =IF(AND(L61="OK",M61="OK",N61="OK",O61="OK",P61="OK",Q61="OK",R61="OK"),"OK","REVIEW") -> OK
A62: OP061 | B62: REF011 | C62: Chennai | D62: Quality | E62: Quality Inspection | F62: Raw Materials | G62: 110 | H62: Completed | I62: 46182 | J62: 46183 | L62: =IF(A62="OP"&TEXT(ROW()-1,"000"),"OK","CHECK") -> OK | M62: =IF(OR(AND(H62="Completed",J62<>""),AND(OR(H62="Pending",H62="In Progress"),J62="")),"OK","CHECK") -> OK | N62: =IFERROR(IF(VLOOKUP(B62,'Reference Data'!$A$2:$F$26,1,FALSE)=B62,"OK","CHECK"),"MISSING") -> OK | O62: =IFERROR(IF(C62=VLOOKUP(B62,'Reference Data'!$A$2:$F$26,2,FALSE),"OK","CHECK"),"MISSING") -> OK | P62: =IFERROR(IF(D62=VLOOKUP(B62,'Reference Data'!$A$2:$F$26,3,FALSE),"OK","CHECK"),"MISSING") -> OK | Q62: =IFERROR(IF(E62=VLOOKUP(B62,'Reference Data'!$A$2:$F$26,4,FALSE),"OK","CHECK"),"MISSING") -> OK | R62: =IFERROR(IF(F62=VLOOKUP(B62,'Reference Data'!$A$2:$F$26,5,FALSE),"OK","CHECK"),"MISSING") -> OK | S62: =IF(AND(L62="OK",M62="OK",N62="OK",O62="OK",P62="OK",Q62="OK",R62="OK"),"OK","REVIEW") -> OK
A63: OP062 | B63: REF012 | C63: Chennai | D63: Operations | E63: Inventory Review | F63: Components | G63: 150 | H63: Completed | I63: 46185 | J63: 46186 | L63: =IF(A63="OP"&TEXT(ROW()-1,"000"),"OK","CHECK") -> OK | M63: =IF(OR(AND(H63="Completed",J63<>""),AND(OR(H63="Pending",H63="In Progress"),J63="")),"OK","CHECK") -> OK | N63: =IFERROR(IF(VLOOKUP(B63,'Reference Data'!$A$2:$F$26,1,FALSE)=B63,"OK","CHECK"),"MISSING") -> OK | O63: =IFERROR(IF(C63=VLOOKUP(B63,'Reference Data'!$A$2:$F$26,2,FALSE),"OK","CHECK"),"MISSING") -> OK | P63: =IFERROR(IF(D63=VLOOKUP(B63,'Reference Data'!$A$2:$F$26,3,FALSE),"OK","CHECK"),"MISSING") -> OK | Q63: =IFERROR(IF(E63=VLOOKUP(B63,'Reference Data'!$A$2:$F$26,4,FALSE),"OK","CHECK"),"MISSING") -> OK | R63: =IFERROR(IF(F63=VLOOKUP(B63,'Reference Data'!$A$2:$F$26,5,FALSE),"OK","CHECK"),"MISSING") -> OK | S63: =IF(AND(L63="OK",M63="OK",N63="OK",O63="OK",P63="OK",Q63="OK",R63="OK"),"OK","REVIEW") -> OK
A64: OP063 | B64: REF013 | C64: Delhi | D64: Supply Chain | E64: Material Request | F64: Packaging Materials | G64: 185 | H64: Completed | I64: 46187 | J64: 46189 | L64: =IF(A64="OP"&TEXT(ROW()-1,"000"),"OK","CHECK") -> OK | M64: =IF(OR(AND(H64="Completed",J64<>""),AND(OR(H64="Pending",H64="In Progress"),J64="")),"OK","CHECK") -> OK | N64: =IFERROR(IF(VLOOKUP(B64,'Reference Data'!$A$2:$F$26,1,FALSE)=B64,"OK","CHECK"),"MISSING") -> OK | O64: =IFERROR(IF(C64=VLOOKUP(B64,'Reference Data'!$A$2:$F$26,2,FALSE),"OK","CHECK"),"MISSING") -> OK | P64: =IFERROR(IF(D64=VLOOKUP(B64,'Reference Data'!$A$2:$F$26,3,FALSE),"OK","CHECK"),"MISSING") -> OK | Q64: =IFERROR(IF(E64=VLOOKUP(B64,'Reference Data'!$A$2:$F$26,4,FALSE),"OK","CHECK"),"MISSING") -> OK | R64: =IFERROR(IF(F64=VLOOKUP(B64,'Reference Data'!$A$2:$F$26,5,FALSE),"OK","CHECK"),"MISSING") -> OK | S64: =IF(AND(L64="OK",M64="OK",N64="OK",O64="OK",P64="OK",Q64="OK",R64="OK"),"OK","REVIEW") -> OK
A65: OP064 | B65: REF014 | C65: Delhi | D65: Operations | E65: Shipment Processing | F65: Finished Goods | G65: 82 | H65: In Progress | I65: 46190 | L65: =IF(A65="OP"&TEXT(ROW()-1,"000"),"OK","CHECK") -> OK | M65: =IF(OR(AND(H65="Completed",J65<>""),AND(OR(H65="Pending",H65="In Progress"),J65="")),"OK","CHECK") -> OK | N65: =IFERROR(IF(VLOOKUP(B65,'Reference Data'!$A$2:$F$26,1,FALSE)=B65,"OK","CHECK"),"MISSING") -> OK | O65: =IFERROR(IF(C65=VLOOKUP(B65,'Reference Data'!$A$2:$F$26,2,FALSE),"OK","CHECK"),"MISSING") -> OK | P65: =IFERROR(IF(D65=VLOOKUP(B65,'Reference Data'!$A$2:$F$26,3,FALSE),"OK","CHECK"),"MISSING") -> OK | Q65: =IFERROR(IF(E65=VLOOKUP(B65,'Reference Data'!$A$2:$F$26,4,FALSE),"OK","CHECK"),"MISSING") -> OK | R65: =IFERROR(IF(F65=VLOOKUP(B65,'Reference Data'!$A$2:$F$26,5,FALSE),"OK","CHECK"),"MISSING") -> OK | S65: =IF(AND(L65="OK",M65="OK",N65="OK",O65="OK",P65="OK",Q65="OK",R65="OK"),"OK","REVIEW") -> OK
A66: OP065 | B66: REF015 | C66: Kolkata | D66: Maintenance | E66: Equipment Inspection | F66: Equipment | G66: 14 | H66: Completed | I66: 46192 | J66: 46193 | L66: =IF(A66="OP"&TEXT(ROW()-1,"000"),"OK","CHECK") -> OK | M66: =IF(OR(AND(H66="Completed",J66<>""),AND(OR(H66="Pending",H66="In Progress"),J66="")),"OK","CHECK") -> OK | N66: =IFERROR(IF(VLOOKUP(B66,'Reference Data'!$A$2:$F$26,1,FALSE)=B66,"OK","CHECK"),"MISSING") -> OK | O66: =IFERROR(IF(C66=VLOOKUP(B66,'Reference Data'!$A$2:$F$26,2,FALSE),"OK","CHECK"),"MISSING") -> OK | P66: =IFERROR(IF(D66=VLOOKUP(B66,'Reference Data'!$A$2:$F$26,3,FALSE),"OK","CHECK"),"MISSING") -> OK | Q66: =IFERROR(IF(E66=VLOOKUP(B66,'Reference Data'!$A$2:$F$26,4,FALSE),"OK","CHECK"),"MISSING") -> OK | R66: =IFERROR(IF(F66=VLOOKUP(B66,'Reference Data'!$A$2:$F$26,5,FALSE),"OK","CHECK"),"MISSING") -> OK | S66: =IF(AND(L66="OK",M66="OK",N66="OK",O66="OK",P66="OK",Q66="OK",R66="OK"),"OK","REVIEW") -> OK
A67: OP066 | B67: REF016 | C67: Mumbai | D67: Quality | E67: Quality Inspection | F67: Finished Goods | G67: 115 | H67: Completed | I67: 46195 | J67: 46197 | L67: =IF(A67="OP"&TEXT(ROW()-1,"000"),"OK","CHECK") -> OK | M67: =IF(OR(AND(H67="Completed",J67<>""),AND(OR(H67="Pending",H67="In Progress"),J67="")),"OK","CHECK") -> OK | N67: =IFERROR(IF(VLOOKUP(B67,'Reference Data'!$A$2:$F$26,1,FALSE)=B67,"OK","CHECK"),"MISSING") -> OK | O67: =IFERROR(IF(C67=VLOOKUP(B67,'Reference Data'!$A$2:$F$26,2,FALSE),"OK","CHECK"),"MISSING") -> OK | P67: =IFERROR(IF(D67=VLOOKUP(B67,'Reference Data'!$A$2:$F$26,3,FALSE),"OK","CHECK"),"MISSING") -> OK | Q67: =IFERROR(IF(E67=VLOOKUP(B67,'Reference Data'!$A$2:$F$26,4,FALSE),"OK","CHECK"),"MISSING") -> OK | R67: =IFERROR(IF(F67=VLOOKUP(B67,'Reference Data'!$A$2:$F$26,5,FALSE),"OK","CHECK"),"MISSING") -> OK | S67: =IF(AND(L67="OK",M67="OK",N67="OK",O67="OK",P67="OK",Q67="OK",R67="OK"),"OK","REVIEW") -> OK
A68: OP067 | B68: REF017 | C68: Pune | D68: Supply Chain | E68: Material Request | F68: Raw Materials | G68: 165 | H68: Completed | I68: 46197 | J68: 46198 | L68: =IF(A68="OP"&TEXT(ROW()-1,"000"),"OK","CHECK") -> OK | M68: =IF(OR(AND(H68="Completed",J68<>""),AND(OR(H68="Pending",H68="In Progress"),J68="")),"OK","CHECK") -> OK | N68: =IFERROR(IF(VLOOKUP(B68,'Reference Data'!$A$2:$F$26,1,FALSE)=B68,"OK","CHECK"),"MISSING") -> OK | O68: =IFERROR(IF(C68=VLOOKUP(B68,'Reference Data'!$A$2:$F$26,2,FALSE),"OK","CHECK"),"MISSING") -> OK | P68: =IFERROR(IF(D68=VLOOKUP(B68,'Reference Data'!$A$2:$F$26,3,FALSE),"OK","CHECK"),"MISSING") -> OK | Q68: =IFERROR(IF(E68=VLOOKUP(B68,'Reference Data'!$A$2:$F$26,4,FALSE),"OK","CHECK"),"MISSING") -> OK | R68: =IFERROR(IF(F68=VLOOKUP(B68,'Reference Data'!$A$2:$F$26,5,FALSE),"OK","CHECK"),"MISSING") -> OK | S68: =IF(AND(L68="OK",M68="OK",N68="OK",O68="OK",P68="OK",Q68="OK",R68="OK"),"OK","REVIEW") -> OK
A69: OP068 | B69: REF018 | C69: Bengaluru | D69: Operations | E69: Inventory Review | F69: Components | G69: 135 | H69: Completed | I69: 46200 | J69: 46201 | L69: =IF(A69="OP"&TEXT(ROW()-1,"000"),"OK","CHECK") -> OK | M69: =IF(OR(AND(H69="Completed",J69<>""),AND(OR(H69="Pending",H69="In Progress"),J69="")),"OK","CHECK") -> OK | N69: =IFERROR(IF(VLOOKUP(B69,'Reference Data'!$A$2:$F$26,1,FALSE)=B69,"OK","CHECK"),"MISSING") -> OK | O69: =IFERROR(IF(C69=VLOOKUP(B69,'Reference Data'!$A$2:$F$26,2,FALSE),"OK","CHECK"),"MISSING") -> OK | P69: =IFERROR(IF(D69=VLOOKUP(B69,'Reference Data'!$A$2:$F$26,3,FALSE),"OK","CHECK"),"MISSING") -> OK | Q69: =IFERROR(IF(E69=VLOOKUP(B69,'Reference Data'!$A$2:$F$26,4,FALSE),"OK","CHECK"),"MISSING") -> OK | R69: =IFERROR(IF(F69=VLOOKUP(B69,'Reference Data'!$A$2:$F$26,5,FALSE),"OK","CHECK"),"MISSING") -> OK | S69: =IF(AND(L69="OK",M69="OK",N69="OK",O69="OK",P69="OK",Q69="OK",R69="OK"),"OK","REVIEW") -> OK
A70: OP069 | B70: REF019 | C70: Hyderabad | D70: Quality | E70: Quality Inspection | F70: Packaging Materials | G70: 95 | H70: Completed | I70: 46203 | J70: 46205 | L70: =IF(A70="OP"&TEXT(ROW()-1,"000"),"OK","CHECK") -> OK | M70: =IF(OR(AND(H70="Completed",J70<>""),AND(OR(H70="Pending",H70="In Progress"),J70="")),"OK","CHECK") -> OK | N70: =IFERROR(IF(VLOOKUP(B70,'Reference Data'!$A$2:$F$26,1,FALSE)=B70,"OK","CHECK"),"MISSING") -> OK | O70: =IFERROR(IF(C70=VLOOKUP(B70,'Reference Data'!$A$2:$F$26,2,FALSE),"OK","CHECK"),"MISSING") -> OK | P70: =IFERROR(IF(D70=VLOOKUP(B70,'Reference Data'!$A$2:$F$26,3,FALSE),"OK","CHECK"),"MISSING") -> OK | Q70: =IFERROR(IF(E70=VLOOKUP(B70,'Reference Data'!$A$2:$F$26,4,FALSE),"OK","CHECK"),"MISSING") -> OK | R70: =IFERROR(IF(F70=VLOOKUP(B70,'Reference Data'!$A$2:$F$26,5,FALSE),"OK","CHECK"),"MISSING") -> OK | S70: =IF(AND(L70="OK",M70="OK",N70="OK",O70="OK",P70="OK",Q70="OK",R70="OK"),"OK","REVIEW") -> OK
A71: OP070 | B71: REF020 | C71: Chennai | D71: Supply Chain | E71: Material Request | F71: Finished Goods | G71: 145 | H71: Completed | I71: 46205 | J71: 46206 | L71: =IF(A71="OP"&TEXT(ROW()-1,"000"),"OK","CHECK") -> OK | M71: =IF(OR(AND(H71="Completed",J71<>""),AND(OR(H71="Pending",H71="In Progress"),J71="")),"OK","CHECK") -> OK | N71: =IFERROR(IF(VLOOKUP(B71,'Reference Data'!$A$2:$F$26,1,FALSE)=B71,"OK","CHECK"),"MISSING") -> OK | O71: =IFERROR(IF(C71=VLOOKUP(B71,'Reference Data'!$A$2:$F$26,2,FALSE),"OK","CHECK"),"MISSING") -> OK | P71: =IFERROR(IF(D71=VLOOKUP(B71,'Reference Data'!$A$2:$F$26,3,FALSE),"OK","CHECK"),"MISSING") -> OK | Q71: =IFERROR(IF(E71=VLOOKUP(B71,'Reference Data'!$A$2:$F$26,4,FALSE),"OK","CHECK"),"MISSING") -> OK | R71: =IFERROR(IF(F71=VLOOKUP(B71,'Reference Data'!$A$2:$F$26,5,FALSE),"OK","CHECK"),"MISSING") -> OK | S71: =IF(AND(L71="OK",M71="OK",N71="OK",O71="OK",P71="OK",Q71="OK",R71="OK"),"OK","REVIEW") -> OK
A72: OP071 | B72: REF021 | C72: Delhi | D72: Quality | E72: Quality Inspection | F72: Components | G72: 120 | H72: Pending | I72: 46208 | L72: =IF(A72="OP"&TEXT(ROW()-1,"000"),"OK","CHECK") -> OK | M72: =IF(OR(AND(H72="Completed",J72<>""),AND(OR(H72="Pending",H72="In Progress"),J72="")),"OK","CHECK") -> OK | N72: =IFERROR(IF(VLOOKUP(B72,'Reference Data'!$A$2:$F$26,1,FALSE)=B72,"OK","CHECK"),"MISSING") -> OK | O72: =IFERROR(IF(C72=VLOOKUP(B72,'Reference Data'!$A$2:$F$26,2,FALSE),"OK","CHECK"),"MISSING") -> OK | P72: =IFERROR(IF(D72=VLOOKUP(B72,'Reference Data'!$A$2:$F$26,3,FALSE),"OK","CHECK"),"MISSING") -> OK | Q72: =IFERROR(IF(E72=VLOOKUP(B72,'Reference Data'!$A$2:$F$26,4,FALSE),"OK","CHECK"),"MISSING") -> OK | R72: =IFERROR(IF(F72=VLOOKUP(B72,'Reference Data'!$A$2:$F$26,5,FALSE),"OK","CHECK"),"MISSING") -> OK | S72: =IF(AND(L72="OK",M72="OK",N72="OK",O72="OK",P72="OK",Q72="OK",R72="OK"),"OK","REVIEW") -> OK
A73: OP072 | B73: REF022 | C73: Kolkata | D73: Supply Chain | E73: Material Request | F73: Components | G73: 155 | H73: Completed | I73: 46210 | J73: 46212 | L73: =IF(A73="OP"&TEXT(ROW()-1,"000"),"OK","CHECK") -> OK | M73: =IF(OR(AND(H73="Completed",J73<>""),AND(OR(H73="Pending",H73="In Progress"),J73="")),"OK","CHECK") -> OK | N73: =IFERROR(IF(VLOOKUP(B73,'Reference Data'!$A$2:$F$26,1,FALSE)=B73,"OK","CHECK"),"MISSING") -> OK | O73: =IFERROR(IF(C73=VLOOKUP(B73,'Reference Data'!$A$2:$F$26,2,FALSE),"OK","CHECK"),"MISSING") -> OK | P73: =IFERROR(IF(D73=VLOOKUP(B73,'Reference Data'!$A$2:$F$26,3,FALSE),"OK","CHECK"),"MISSING") -> OK | Q73: =IFERROR(IF(E73=VLOOKUP(B73,'Reference Data'!$A$2:$F$26,4,FALSE),"OK","CHECK"),"MISSING") -> OK | R73: =IFERROR(IF(F73=VLOOKUP(B73,'Reference Data'!$A$2:$F$26,5,FALSE),"OK","CHECK"),"MISSING") -> OK | S73: =IF(AND(L73="OK",M73="OK",N73="OK",O73="OK",P73="OK",Q73="OK",R73="OK"),"OK","REVIEW") -> OK
A74: OP073 | B74: REF023 | C74: Mumbai | D74: Maintenance | E74: Equipment Inspection | F74: Equipment | G74: 11 | H74: In Progress | I74: 46213 | L74: =IF(A74="OP"&TEXT(ROW()-1,"000"),"OK","CHECK") -> OK | M74: =IF(OR(AND(H74="Completed",J74<>""),AND(OR(H74="Pending",H74="In Progress"),J74="")),"OK","CHECK") -> OK | N74: =IFERROR(IF(VLOOKUP(B74,'Reference Data'!$A$2:$F$26,1,FALSE)=B74,"OK","CHECK"),"MISSING") -> OK | O74: =IFERROR(IF(C74=VLOOKUP(B74,'Reference Data'!$A$2:$F$26,2,FALSE),"OK","CHECK"),"MISSING") -> OK | P74: =IFERROR(IF(D74=VLOOKUP(B74,'Reference Data'!$A$2:$F$26,3,FALSE),"OK","CHECK"),"MISSING") -> OK | Q74: =IFERROR(IF(E74=VLOOKUP(B74,'Reference Data'!$A$2:$F$26,4,FALSE),"OK","CHECK"),"MISSING") -> OK | R74: =IFERROR(IF(F74=VLOOKUP(B74,'Reference Data'!$A$2:$F$26,5,FALSE),"OK","CHECK"),"MISSING") -> OK | S74: =IF(AND(L74="OK",M74="OK",N74="OK",O74="OK",P74="OK",Q74="OK",R74="OK"),"OK","REVIEW") -> OK
A75: OP074 | B75: REF024 | C75: Pune | D75: Operations | E75: Inventory Review | F75: Raw Materials | G75: 205 | H75: Completed | I75: 46216 | J75: 46217 | L75: =IF(A75="OP"&TEXT(ROW()-1,"000"),"OK","CHECK") -> OK | M75: =IF(OR(AND(H75="Completed",J75<>""),AND(OR(H75="Pending",H75="In Progress"),J75="")),"OK","CHECK") -> OK | N75: =IFERROR(IF(VLOOKUP(B75,'Reference Data'!$A$2:$F$26,1,FALSE)=B75,"OK","CHECK"),"MISSING") -> OK | O75: =IFERROR(IF(C75=VLOOKUP(B75,'Reference Data'!$A$2:$F$26,2,FALSE),"OK","CHECK"),"MISSING") -> OK | P75: =IFERROR(IF(D75=VLOOKUP(B75,'Reference Data'!$A$2:$F$26,3,FALSE),"OK","CHECK"),"MISSING") -> OK | Q75: =IFERROR(IF(E75=VLOOKUP(B75,'Reference Data'!$A$2:$F$26,4,FALSE),"OK","CHECK"),"MISSING") -> OK | R75: =IFERROR(IF(F75=VLOOKUP(B75,'Reference Data'!$A$2:$F$26,5,FALSE),"OK","CHECK"),"MISSING") -> OK | S75: =IF(AND(L75="OK",M75="OK",N75="OK",O75="OK",P75="OK",Q75="OK",R75="OK"),"OK","REVIEW") -> OK
A76: OP075 | B76: REF025 | C76: Bengaluru | D76: Quality | E76: Quality Inspection | F76: Finished Goods | G76: 102 | H76: Completed | I76: 46218 | J76: 46220 | L76: =IF(A76="OP"&TEXT(ROW()-1,"000"),"OK","CHECK") -> OK | M76: =IF(OR(AND(H76="Completed",J76<>""),AND(OR(H76="Pending",H76="In Progress"),J76="")),"OK","CHECK") -> OK | N76: =IFERROR(IF(VLOOKUP(B76,'Reference Data'!$A$2:$F$26,1,FALSE)=B76,"OK","CHECK"),"MISSING") -> OK | O76: =IFERROR(IF(C76=VLOOKUP(B76,'Reference Data'!$A$2:$F$26,2,FALSE),"OK","CHECK"),"MISSING") -> OK | P76: =IFERROR(IF(D76=VLOOKUP(B76,'Reference Data'!$A$2:$F$26,3,FALSE),"OK","CHECK"),"MISSING") -> OK | Q76: =IFERROR(IF(E76=VLOOKUP(B76,'Reference Data'!$A$2:$F$26,4,FALSE),"OK","CHECK"),"MISSING") -> OK | R76: =IFERROR(IF(F76=VLOOKUP(B76,'Reference Data'!$A$2:$F$26,5,FALSE),"OK","CHECK"),"MISSING") -> OK | S76: =IF(AND(L76="OK",M76="OK",N76="OK",O76="OK",P76="OK",Q76="OK",R76="OK"),"OK","REVIEW") -> OK
A77: OP076 | B77: REF004 | C77: Mumbai | D77: Supply Chain | E77: Material Request | F77: Raw Materials | G77: 180 | H77: Completed | I77: 46221 | J77: 46222 | L77: =IF(A77="OP"&TEXT(ROW()-1,"000"),"OK","CHECK") -> OK | M77: =IF(OR(AND(H77="Completed",J77<>""),AND(OR(H77="Pending",H77="In Progress"),J77="")),"OK","CHECK") -> OK | N77: =IFERROR(IF(VLOOKUP(B77,'Reference Data'!$A$2:$F$26,1,FALSE)=B77,"OK","CHECK"),"MISSING") -> OK | O77: =IFERROR(IF(C77=VLOOKUP(B77,'Reference Data'!$A$2:$F$26,2,FALSE),"OK","CHECK"),"MISSING") -> OK | P77: =IFERROR(IF(D77=VLOOKUP(B77,'Reference Data'!$A$2:$F$26,3,FALSE),"OK","CHECK"),"MISSING") -> OK | Q77: =IFERROR(IF(E77=VLOOKUP(B77,'Reference Data'!$A$2:$F$26,4,FALSE),"OK","CHECK"),"MISSING") -> OK | R77: =IFERROR(IF(F77=VLOOKUP(B77,'Reference Data'!$A$2:$F$26,5,FALSE),"OK","CHECK"),"MISSING") -> OK | S77: =IF(AND(L77="OK",M77="OK",N77="OK",O77="OK",P77="OK",Q77="OK",R77="OK"),"OK","REVIEW") -> OK
A78: OP077 | B78: REF010 | C78: Hyderabad | D78: Operations | E78: Shipment Processing | F78: Packaging Materials | G78: 125 | H78: Completed | I78: 46223 | J78: 46224 | L78: =IF(A78="OP"&TEXT(ROW()-1,"000"),"OK","CHECK") -> OK | M78: =IF(OR(AND(H78="Completed",J78<>""),AND(OR(H78="Pending",H78="In Progress"),J78="")),"OK","CHECK") -> OK | N78: =IFERROR(IF(VLOOKUP(B78,'Reference Data'!$A$2:$F$26,1,FALSE)=B78,"OK","CHECK"),"MISSING") -> OK | O78: =IFERROR(IF(C78=VLOOKUP(B78,'Reference Data'!$A$2:$F$26,2,FALSE),"OK","CHECK"),"MISSING") -> OK | P78: =IFERROR(IF(D78=VLOOKUP(B78,'Reference Data'!$A$2:$F$26,3,FALSE),"OK","CHECK"),"MISSING") -> OK | Q78: =IFERROR(IF(E78=VLOOKUP(B78,'Reference Data'!$A$2:$F$26,4,FALSE),"OK","CHECK"),"MISSING") -> OK | R78: =IFERROR(IF(F78=VLOOKUP(B78,'Reference Data'!$A$2:$F$26,5,FALSE),"OK","CHECK"),"MISSING") -> OK | S78: =IF(AND(L78="OK",M78="OK",N78="OK",O78="OK",P78="OK",Q78="OK",R78="OK"),"OK","REVIEW") -> OK
A79: OP078 | B79: REF016 | C79: Mumbai | D79: Quality | E79: Quality Inspection | F79: Finished Goods | G79: 118 | H79: In Progress | I79: 46226 | L79: =IF(A79="OP"&TEXT(ROW()-1,"000"),"OK","CHECK") -> OK | M79: =IF(OR(AND(H79="Completed",J79<>""),AND(OR(H79="Pending",H79="In Progress"),J79="")),"OK","CHECK") -> OK | N79: =IFERROR(IF(VLOOKUP(B79,'Reference Data'!$A$2:$F$26,1,FALSE)=B79,"OK","CHECK"),"MISSING") -> OK | O79: =IFERROR(IF(C79=VLOOKUP(B79,'Reference Data'!$A$2:$F$26,2,FALSE),"OK","CHECK"),"MISSING") -> OK | P79: =IFERROR(IF(D79=VLOOKUP(B79,'Reference Data'!$A$2:$F$26,3,FALSE),"OK","CHECK"),"MISSING") -> OK | Q79: =IFERROR(IF(E79=VLOOKUP(B79,'Reference Data'!$A$2:$F$26,4,FALSE),"OK","CHECK"),"MISSING") -> OK | R79: =IFERROR(IF(F79=VLOOKUP(B79,'Reference Data'!$A$2:$F$26,5,FALSE),"OK","CHECK"),"MISSING") -> OK | S79: =IF(AND(L79="OK",M79="OK",N79="OK",O79="OK",P79="OK",Q79="OK",R79="OK"),"OK","REVIEW") -> OK
A80: OP079 | B80: REF022 | C80: Kolkata | D80: Supply Chain | E80: Material Request | F80: Components | G80: 160 | H80: Completed | I80: 46228 | J80: 46229 | L80: =IF(A80="OP"&TEXT(ROW()-1,"000"),"OK","CHECK") -> OK | M80: =IF(OR(AND(H80="Completed",J80<>""),AND(OR(H80="Pending",H80="In Progress"),J80="")),"OK","CHECK") -> OK | N80: =IFERROR(IF(VLOOKUP(B80,'Reference Data'!$A$2:$F$26,1,FALSE)=B80,"OK","CHECK"),"MISSING") -> OK | O80: =IFERROR(IF(C80=VLOOKUP(B80,'Reference Data'!$A$2:$F$26,2,FALSE),"OK","CHECK"),"MISSING") -> OK | P80: =IFERROR(IF(D80=VLOOKUP(B80,'Reference Data'!$A$2:$F$26,3,FALSE),"OK","CHECK"),"MISSING") -> OK | Q80: =IFERROR(IF(E80=VLOOKUP(B80,'Reference Data'!$A$2:$F$26,4,FALSE),"OK","CHECK"),"MISSING") -> OK | R80: =IFERROR(IF(F80=VLOOKUP(B80,'Reference Data'!$A$2:$F$26,5,FALSE),"OK","CHECK"),"MISSING") -> OK | S80: =IF(AND(L80="OK",M80="OK",N80="OK",O80="OK",P80="OK",Q80="OK",R80="OK"),"OK","REVIEW") -> OK
A81: OP080 | B81: REF007 | C81: Bengaluru | D81: Operations | E81: Equipment Inspection | F81: Equipment | G81: 16 | H81: Completed | I81: 46231 | J81: 46232 | L81: =IF(A81="OP"&TEXT(ROW()-1,"000"),"OK","CHECK") -> OK | M81: =IF(OR(AND(H81="Completed",J81<>""),AND(OR(H81="Pending",H81="In Progress"),J81="")),"OK","CHECK") -> OK | N81: =IFERROR(IF(VLOOKUP(B81,'Reference Data'!$A$2:$F$26,1,FALSE)=B81,"OK","CHECK"),"MISSING") -> OK | O81: =IFERROR(IF(C81=VLOOKUP(B81,'Reference Data'!$A$2:$F$26,2,FALSE),"OK","CHECK"),"MISSING") -> OK | P81: =IFERROR(IF(D81=VLOOKUP(B81,'Reference Data'!$A$2:$F$26,3,FALSE),"OK","CHECK"),"MISSING") -> OK | Q81: =IFERROR(IF(E81=VLOOKUP(B81,'Reference Data'!$A$2:$F$26,4,FALSE),"OK","CHECK"),"MISSING") -> OK | R81: =IFERROR(IF(F81=VLOOKUP(B81,'Reference Data'!$A$2:$F$26,5,FALSE),"OK","CHECK"),"MISSING") -> OK | S81: =IF(AND(L81="OK",M81="OK",N81="OK",O81="OK",P81="OK",Q81="OK",R81="OK"),"OK","REVIEW") -> OK
A86: =COUNTA(A2:A81) -> 80 | B86: =IF(A2="OP001","Correct","Check") -> Correct | H86: =COUNTIF(H2:H81,"Completed") -> 65 | K86: =COUNTIF(C2:C81,"Mumbai") -> 14
A87: =SUMPRODUCT(1/COUNTIF(A2:A81,A2:A81)) -> 80 | B87: =IF(A2="OP"&TEXT(ROW()-1,"000"),"OK","CHECK") -> CHECK | H87: =COUNTIF(H2:H81,"Pending") -> 7
H88: =COUNTIF(H2:H81,"In Progress") -> 8 | M88: =COUNTIF(M2:M81,"CHECK") -> 0 | N88: =COUNTIF(N2:N81,"MISSING") -> 0 | O88: =COUNTIF(O2:O81,"CHECK") -> 0 | P88: =COUNTIF(P2:P81,"CHECK") -> 0 | Q88: =COUNTIF(Q2:Q81,"CHECK") -> 0 | R88: =COUNTIF(R2:R81,"CHECK") -> 0 | S88: =COUNTIF(S2:S81,"REVIEW") -> 0

Sheet Reference Data
A1: Reference ID | B1: Facility | C1: Department | D1: Process Type | E1: Item Category | F1: Standard Status
A2: REF001 | B2: Kolkata | C2: Operations | D2: Inventory Review | E2: Raw Materials | F2: Active | I2: Total Reference Records | J2: Unique Refernce IDs
A3: REF002 | B3: Kolkata | C3: Quality | D3: Quality Inspection | E3: Finished Goods | F3: Active | I3: =COUNTA(A2:A26) -> 25 | J3: =SUMPRODUCT(1/COUNTIF(A2:A26,A2:A26)) -> 25
A4: REF003 | B4: Mumbai | C4: Operations | D4: Inventory Review | E4: Packaging Materials | F4: Active
A5: REF004 | B5: Mumbai | C5: Supply Chain | D5: Material Request | E5: Raw Materials | F5: Active
A6: REF005 | B6: Pune | C6: Operations | D6: Shipment Processing | E6: Finished Goods | F6: Active
A7: REF006 | B7: Pune | C7: Quality | D7: Quality Inspection | E7: Components | F7: Active
A8: REF007 | B8: Bengaluru | C8: Operations | D8: Equipment Inspection | E8: Equipment | F8: Active
A9: REF008 | B9: Bengaluru | C9: Maintenance | D9: Equipment Inspection | E9: Equipment | F9: Active
A10: REF009 | B10: Hyderabad | C10: Supply Chain | D10: Material Request | E10: Components | F10: Active
A11: REF010 | B11: Hyderabad | C11: Operations | D11: Shipment Processing | E11: Packaging Materials | F11: Active
A12: REF011 | B12: Chennai | C12: Quality | D12: Quality Inspection | E12: Raw Materials | F12: Active
A13: REF012 | B13: Chennai | C13: Operations | D13: Inventory Review | E13: Components | F13: Active
A14: REF013 | B14: Delhi | C14: Supply Chain | D14: Material Request | E14: Packaging Materials | F14: Active
A15: REF014 | B15: Delhi | C15: Operations | D15: Shipment Processing | E15: Finished Goods | F15: Active
... A26: REF025 | B26: Bengaluru | C26: Quality | D26: Quality Inspection | E26: Finished Goods | F26: Active

Sheet Reference Data Analysis
A3: Items Category | B3: Count of Reference ID
A4: Components | B4: 6
A5: Equipment | B5: 4
A6: Finished Goods | B6: 6
A7: Packaging Materials | B7: 4
A8: Raw Materials | B8: 5
A9: Grand Total | B9: 25

Sheet Operations Data Analysis
A3: Count of Operation ID | B3: Status | H3: KPI
A4: Department | B4: Completed | C4: Pending | D4: In Progress | E4: Grand Total | H4: Total Operations | I4: =COUNTA('Operations Data'!A2:A81) -> 80
A5: Maintenance | B5: 6 | C5: 2 | D5: 1 | E5: 9 | H5: Completed Operations | I5: =COUNTIF('Operations Data'!H2:H81,"Completed") -> 65
A6: Operations | B6: 26 | C6: 1 | D6: 2 | E6: 29 | H6: Pending Operations | I6: =COUNTIF('Operations Data'!H2:H81,"Pending") -> 7
A7: Quality | B7: 15 | C7: 2 | D7: 5 | E7: 22 | H7: In Progress Operations | I7: =COUNTIF('Operations Data'!H2:H81,"In Progress") -> 8
A8: Supply Chain | B8: 18 | C8: 2 | E8: 20 | H8: Completion Rate | I8: =I5/I4 -> 0.8125
A9: Grand Total | B9: 65 | C9: 7 | D9: 8 | E9: 80

Sheet Dashboard
A1: Sales Operations Data Validation & Performance Dashboard
A3: Total Operations | B3: Completed Operations | C3: Pending Operations | D3: In Progress Operations | E3: CompletionRate
A4: 80 | B4: 65 | C4: 7 | D4: 8 | E4: 0.8125
